index,top_ten_hashtags,date
0,"[('Covid_19', 362), ('coronavirus', 326), ('COVID19', 219), ('CoronaCrisis', 101), ('CoronaVirusUpdate', 44), ('covid19', 43), ('Coronavirus', 31), ('covid_19', 30), ('coronavirusuk', 24), ('Covid19', 24)]",2020-03-20
1,"[('Covid_19', 587), ('coronavirus', 248), ('COVID19', 192), ('CoronavirusPandemic', 80), ('WeStandWithItaly', 73), ('CoronaCrisisuk', 72), ('CoronaCrisis', 70), ('StayAtHome', 66), ('covid_19', 51), ('SocialDistancing', 50)]",2020-03-21
2,"[('COVID19', 420), ('coronavirus', 353), ('WeStandWithItaly', 138), ('COVIDー19', 119), ('StayAtHome', 71), ('covid19', 50), ('Covid_19', 48), ('StayHomeSaveLives', 45), ('SocialDistancing', 42), ('covid_19', 39)]",2020-03-22
3,"[('coronavirus', 363), ('COVID19', 352), ('StayAtHomeSaveLives', 116), ('COVIDー19', 116), ('covid19', 75), ('Coronavirus', 64), ('LockdownNow', 51), ('covid_19', 46), ('lockdown', 45), ('staysafe', 38)]",2020-03-23
4,"[('COVID19', 546), ('coronavirus', 232), ('CoronavirusLockdown', 57), ('lockdown', 53), ('Covid19', 51), ('covid_19', 50), ('covid19', 48), ('StayAtHomeSaveLives', 46), ('COVIDIDIOTS', 42), ('staysafe', 40)]",2020-03-24
5,"[('COVID19', 377), ('coronavirus', 265), ('covid19', 62), ('CoronavirusLockdown', 50), ('Covid19', 45), ('covid_19', 42), ('Coronavirus', 36), ('COVID2019', 36), ('staysafe', 33), ('Covid19Out', 29)]",2020-03-25
6,"[('coronavirus', 360), ('COVID19', 288), ('StayHomeSaveLives', 71), ('NHS', 71), ('covid19', 71), ('clapforourcarers', 68), ('COVID2019', 68), ('covid_19', 51), ('Covid19', 48), ('nhs', 46)]",2020-03-26
7,"[('COVID19', 392), ('coronavirus', 311), ('CoronaLockdown', 95), ('COVID2019', 46), ('IsolationLife', 40), ('covid19', 38), ('StayHomeSaveLives', 32), ('Coronavirus', 32), ('covid_19', 29), ('BorisJohnson', 26)]",2020-03-27
8,"[('COVID19', 436), ('coronavirus', 189), ('Covid_19', 114), ('StayAtHomeAndStaySafe', 77), ('CoronaLockdown', 49), ('StayHomeSaveLives', 45), ('lockdown', 38), ('covid_19', 36), ('CoronaUpdate', 35), ('Coronavirus', 29)]",2020-03-28
9,"[('Covid_19', 417), ('coronavirus', 236), ('COVID19', 221), ('StayAtHomeAndStaySafe', 99), ('CoronaUpdate', 50), ('lockdown', 45), ('covid19', 40), ('covid_19', 39), ('StayHomeSaveLives', 31), ('coronalockdownuk', 23)]",2020-03-29
10,"[('Covid_19', 321), ('COVID19', 281), ('coronavirus', 213), ('lockdown', 60), ('TheLockdown', 52), ('StayHomeSaveLives', 40), ('covid19', 38), ('Coronavirus', 36), ('Covid19', 29), ('covid_19', 27)]",2020-03-30
11,"[('COVID19', 548), ('coronavirus', 169), ('TheLockdown', 64), ('StayAtHome', 46), ('lockdown', 44), ('covid19', 38), ('Covid19', 28), ('NHS', 27), ('Coronavirus', 26), ('coronavirusuk', 20)]",2020-03-31
12,"[('coronavirus', 333), ('COVID19', 277), ('COVIDー19', 81), ('covid19', 54), ('lockdown', 37), ('Coronavirus', 32), ('StayHomeSaveLives', 26), ('Covid19', 25), ('covid', 20), ('StayAtHome', 19)]",2020-04-01
13,"[('coronavirus', 209), ('COVID19', 208), ('covid19', 44), ('COVID19Pandemic', 43), ('clapforkeyworkers', 35), ('StayHomeSaveLives', 35), ('NHS', 34), ('COVIDー19', 31), ('Coronavirus', 31), ('Covid19', 29)]",2020-04-02
14,"[('COVID19', 378), ('coronavirus', 204), ('StayHomeSaveLives', 75), ('covid19', 53), ('COVID19Pandemic', 45), ('lockdown', 34), ('Coronavirus', 34), ('Covid19', 28), ('staysafe', 23), ('NHS', 23)]",2020-04-03
15,"[('COVID19', 230), ('coronavirus', 208), ('covid19', 55), ('COVID2019', 44), ('StayHomeSaveLives', 35), ('Coronavirus', 34), ('Covid19', 31), ('lockdown', 29), ('staysafe', 20), ('covid_19', 16)]",2020-04-04
16,"[('coronavirus', 240), ('COVID19', 162), ('Covid_19', 127), ('StayHomeSaveLives', 58), ('covid19', 50), ('lockdown', 38), ('COVID2019', 36), ('NHS', 35), ('CoronavirusPandemic', 31), ('Coronavirus', 27)]",2020-04-05
17,"[('Covid_19', 400), ('COVID19', 299), ('coronavirus', 136), ('BorisJohnson', 81), ('StayHomeSaveLives', 74), ('covid19', 58), ('coronavirusuk', 42), ('lockdowneffect', 42), ('NHS', 40), ('lockdown', 35)]",2020-04-06
18,"[('COVID19', 440), ('coronavirus', 151), ('covid19', 48), ('StayHomeSaveLives', 40), ('WorldHealthDay', 30), ('lockdown', 28), ('Covid19', 26), ('NHS', 25), ('Covid_19', 20), ('StaySafe', 18)]",2020-04-07
19,"[('COVID19', 375), ('coronavirus', 225), ('covid19', 50), ('StayHomeSaveLives', 40), ('Coronavirus', 33), ('lockdown', 27), ('NHS', 26), ('StayHome', 24), ('Covid19', 24), ('covid', 20)]",2020-04-08
20,"[('coronavirus', 175), ('COVID19', 169), ('covid19', 89), ('COVID', 42), ('lockdown', 38), ('COVIDー19', 35), ('NHS', 35), ('Covid19', 31), ('StayHomeSaveLives', 29), ('covid', 28)]",2020-04-09
21,"[('coronavirus', 158), ('COVID19', 145), ('covid19', 48), ('COVIDー19', 41), ('Coronavirus', 31), ('lockdown', 28), ('StayHomeSaveLives', 22), ('StayHomeSaveLifes', 22), ('Covid19', 20), ('NHS', 16)]",2020-04-10
22,"[('coronavirus', 213), ('COVID19', 206), ('lockdown', 45), ('covid19', 42), ('Coronavirus', 37), ('Covid19', 36), ('COVIDー19', 31), ('NHS', 30), ('StayHome', 21), ('covid', 20)]",2020-04-11
23,"[('COVID19', 318), ('coronavirus', 190), ('covid19', 51), ('lockdown', 40), ('StayHomeSaveLives', 37), ('EasterSunday', 36), ('Covid_19', 32), ('COVID_19uk', 32), ('StayHome', 29), ('NHS', 27)]",2020-04-12
24,"[('COVID19', 253), ('coronavirus', 137), ('covid19', 38), ('COVID2019', 37), ('lockdown', 27), ('NHS', 23), ('StayHomeSaveLives', 23), ('Covid_19', 22), ('Covid19', 19), ('Coronavirus', 19)]",2020-04-13
25,"[('COVID19', 367), ('coronavirus', 145), ('lockdown', 42), ('covid19', 36), ('Coronavirus', 32), ('NHS', 27), ('StayHomeSaveLives', 26), ('Covid19', 24), ('CoronaVirus', 23), ('Glasgow', 20)]",2020-04-14
26,"[('COVID19', 304), ('coronavirus', 122), ('Covid19', 46), ('covid19', 37), ('NHS', 34), ('Covid_19', 33), ('lockdown', 30), ('Coronavirus', 21), ('StayHomeSaveLives', 20), ('StayHome', 18)]",2020-04-15
27,"[('COVID19', 444), ('coronavirus', 186), ('Covid_19', 112), ('NHS', 55), ('lockdown', 47), ('covid19', 40), ('Covid19', 32), ('NHSheroes', 28), ('StayAtHome', 28), ('StayHomeSaveLives', 26)]",2020-04-16
28,"[('Covid_19', 258), ('COVID19', 223), ('coronavirus', 107), ('NHS', 34), ('StayHomeSaveLives', 28), ('covid19', 28), ('Covid19', 27), ('lockdown', 26), ('nhs', 20), ('Lockdown', 20)]",2020-04-17
29,"[('Covid_19', 258), ('coronavirus', 106), ('COVID19', 105), ('COVID', 60), ('lockdown', 39), ('covid19', 30), ('NHS', 30), ('Covid19', 27), ('Coronavirus', 19), ('StayHomeSaveLives', 18)]",2020-04-18
30,"[('COVID19', 238), ('coronavirus', 116), ('lockdown', 42), ('covid19', 25), ('Covid19', 23), ('COVID', 21), ('Covid_19', 21), ('Coronavirus', 20), ('NHS', 19), ('CoronaVirus', 12)]",2020-04-19
31,"[('COVID19', 234), ('coronavirus', 134), ('covid19', 43), ('lockdown', 41), ('COVIDー19', 30), ('COVID', 25), ('Covid19', 25), ('Lockdown', 21), ('Coronavirus', 21), ('Scotland', 15)]",2020-04-20
32,"[('COVID19', 258), ('coronavirus', 134), ('covid19', 37), ('lockdown', 33), ('COVIDー19', 28), ('Coronavirus', 22), ('Covid19', 17), ('NHS', 14), ('CoronaVirus', 12), ('staysafe', 11)]",2020-04-21
33,"[('COVID19', 294), ('coronavirus', 112), ('covid19', 40), ('lockdown', 29), ('Covid19', 18), ('COVID', 17), ('nhs', 16), ('uk', 15), ('Glasgow', 15), ('NHS', 15)]",2020-04-22
34,"[('COVID19', 290), ('coronavirus', 111), ('covid19', 40), ('lockdown', 37), ('Covid_19', 37), ('COVID', 29), ('NHS', 27), ('Covid19', 26), ('Glasgow', 25), ('lockdownuk', 24)]",2020-04-23
35,"[('COVID19', 159), ('coronavirus', 106), ('Covid_19', 95), ('covid19', 33), ('lockdown', 32), ('Covid19', 29), ('Trump', 24), ('disinfectant', 17), ('covid_19', 15), ('lockdownuk', 14)]",2020-04-24
36,"[('Covid_19', 184), ('COVID19', 109), ('coronavirus', 81), ('lockdown', 56), ('covid19', 36), ('Covid19', 27), ('covid_19', 20), ('COVID', 20), ('Lockdown', 17), ('covid', 16)]",2020-04-25
37,"[('Covid_19', 160), ('COVID19', 114), ('coronavirus', 92), ('lockdown', 48), ('covid19', 30), ('Coronavirus', 21), ('StayHomeSaveLives', 20), ('Covid19', 19), ('covidsafe', 12), ('StayHome', 12)]",2020-04-26
38,"[('COVID19', 285), ('coronavirus', 117), ('covid19', 42), ('lockdown', 39), ('Covid_19', 33), ('NHS', 26), ('covid_19', 19), ('StayHome', 19), ('StayHomeSaveLives', 18), ('Covid19', 16)]",2020-04-27
39,"[('COVID19', 342), ('coronavirus', 88), ('lockdown', 44), ('covid19', 43), ('Coronavirus', 25), ('NHS', 24), ('NHSheroes', 23), ('covid_19', 21), ('Covid_19', 21), ('IWMD20', 21)]",2020-04-28
40,"[('COVID19', 353), ('coronavirus', 91), ('covid19', 43), ('lockdown', 39), ('NHS', 25), ('Covid19', 22), ('Covid_19', 16), ('lockdownuk', 16), ('covid_19', 16), ('Coronavirus', 15)]",2020-04-29
41,"[('COVID19', 225), ('coronavirus', 99), ('Covid19', 40), ('lockdown', 32), ('covid19', 31), ('covid_19', 20), ('staysafe', 19), ('Covid_19', 18), ('NHS', 14), ('Coronavirus', 14)]",2020-04-30
42,"[('COVID19', 139), ('coronavirus', 106), ('Covid_19', 96), ('covid19', 51), ('lockdown', 44), ('Covid19', 26), ('COVID__19', 22), ('COVID', 19), ('staysafe', 16), ('NHS', 13)]",2020-05-01
43,"[('COVID__19', 194), ('coronavirus', 80), ('COVID19', 72), ('covid19', 51), ('lockdown', 45), ('Covid19', 19), ('NHS', 15), ('staysafe', 15), ('StayHomeSaveLives', 11), ('COVID', 10)]",2020-05-02
44,"[('COVID__19', 106), ('coronavirus', 89), ('COVID19', 69), ('covid19', 45), ('lockdown', 34), ('Covid19', 25), ('coronavirusuk', 18), ('COVIDー19', 14), ('Covid_19', 14), ('COVID', 12)]",2020-05-03
45,"[('COVID19', 129), ('coronavirus', 80), ('covid19', 45), ('lockdown', 34), ('COVIDー19', 32), ('Covid19', 23), ('Coronavirus', 14), ('NHS', 12), ('covid', 11), ('community', 10)]",2020-05-04
46,"[('COVID19', 190), ('coronavirus', 59), ('covid19', 31), ('lockdown', 24), ('Covid19', 16), ('covid', 14), ('CoronaVirus', 14), ('COVID', 13), ('Coronavirus', 12), ('COVIDー19', 11)]",2020-05-05
47,"[('COVID19', 293), ('coronavirus', 72), ('covid19', 39), ('lockdown', 39), ('Covid_19', 30), ('lockdownextension', 24), ('Covid19', 22), ('Covid19UK', 17), ('COVID', 14), ('covid', 12)]",2020-05-06
48,"[('COVID19', 224), ('coronavirus', 99), ('Covid_19', 67), ('covid19', 44), ('lockdown', 34), ('lockdownextension', 26), ('Covid19', 17), ('staysafe', 16), ('Coronavirus', 14), ('Covid19UK', 14)]",2020-05-07
49,"[('COVID19', 196), ('Covid_19', 57), ('coronavirus', 55), ('VEDay75', 38), ('VEDay', 33), ('covid19', 32), ('lockdown', 24), ('COVID', 17), ('streetparty', 13), ('Glasgow', 13)]",2020-05-08
50,"[('Covid_19', 131), ('COVID19', 103), ('coronavirus', 70), ('covid19', 43), ('lockdownuk', 31), ('lockdown', 30), ('Covid19', 17), ('Coronavirus', 15), ('StayHomeSaveLives', 13), ('Covid', 13)]",2020-05-09
51,"[('COVID19', 461), ('coronavirus', 186), ('BorisJohnson', 66), ('covid19', 55), ('lockdown', 53), ('COVIDIOTS', 51), ('StayAlert', 43), ('StayHomeSaveLives', 32), ('BorisHasFailed', 31), ('stayingalert', 27)]",2020-05-10
52,"[('COVID19', 338), ('coronavirus', 102), ('covid19', 53), ('borisjohnsonspeech', 51), ('lockdown', 44), ('Covid_19', 33), ('stayingalert', 28), ('thanksboris', 25), ('StayAlert', 23), ('BorisHasFailed', 19)]",2020-05-11
53,"[('COVID19', 147), ('coronavirus', 78), ('covid19', 43), ('InternationalNursesDay', 27), ('lockdown', 21), ('Covid19', 19), ('COVIDー19', 14), ('covid', 13), ('COVID', 11), ('Covid_19', 10)]",2020-05-12
54,"[('COVID19', 136), ('coronavirus', 78), ('covid19', 54), ('COVIDー19', 28), ('lockdown', 19), ('pandemic', 18), ('Covid19', 18), ('Coronavirus', 16), ('COVID', 16), ('CoronaVirus', 16)]",2020-05-13
55,"[('COVID19', 200), ('coronavirus', 67), ('covid19', 41), ('Covid19', 27), ('lockdown', 27), ('nhs', 20), ('Covid_19', 18), ('COVID', 16), ('COVIDー19', 14), ('socialdistancing', 12)]",2020-05-14
56,"[('COVID19', 128), ('coronavirus', 77), ('covid19', 38), ('Covid19', 24), ('lockdown', 18), ('COVID', 16), ('Covid_19', 15), ('covid', 11), ('covid_19', 11), ('Coronavirus', 10)]",2020-05-15
57,"[('COVID19', 143), ('coronavirus', 105), ('covid19', 42), ('lockdown', 31), ('Covid_19', 30), ('Covid19', 22), ('staysafe', 14), ('COVID', 12), ('Covid19UK', 12), ('CoronaVirus', 10)]",2020-05-16
58,"[('COVID19', 128), ('coronavirus', 57), ('covid19', 41), ('COVID__19', 29), ('lockdown', 26), ('Covid19', 16), ('Covid_19', 15), ('Coronavirus', 14), ('Covid19UK', 9), ('covid', 9)]",2020-05-17
59,"[('COVID19', 242), ('coronavirus', 83), ('covid19', 40), ('lockdown', 22), ('lockdown2020', 16), ('Covid19', 15), ('MentalHealthAwarenessWeek', 15), ('Coronavirus', 11), ('staysafe', 11), ('covid', 9)]",2020-05-18
60,"[('COVID19', 121), ('Covid_19', 106), ('coronavirus', 68), ('covid19', 48), ('lockdown2020', 25), ('lockdown', 24), ('COVID', 10), ('DailyUpdate', 10), ('covid', 10), ('Coronavirus', 9)]",2020-05-19
61,"[('Covid_19', 153), ('coronavirus', 69), ('COVID19', 63), ('covid19', 43), ('Covid19', 28), ('lockdown', 19), ('Covid19UK', 15), ('Coronavirus', 12), ('heatwave', 12), ('covid_19', 11)]",2020-05-20
62,"[('Covid_19', 125), ('coronavirus', 64), ('COVID19', 43), ('covid19', 35), ('Covid19', 32), ('lockdown', 21), ('COVID', 11), ('Covid19UK', 11), ('covid', 9), ('Coronavirus', 7)]",2020-05-21
63,"[('coronavirus', 71), ('COVID19', 61), ('covid19', 37), ('Covid19', 26), ('Covid_19', 26), ('lockdown', 17), ('COVIDー19', 14), ('Coronavirus', 12), ('Covid', 11), ('Covid19UK', 11)]",2020-05-22
64,"[('COVID19', 138), ('coronavirus', 71), ('covid19', 20), ('Covid19', 20), ('lockdown', 19), ('Cummings', 19), ('COVID_19', 14), ('COVIDー19', 13), ('staysafe', 12), ('DailyBriefing', 12)]",2020-05-23
65,"[('COVID19', 160), ('johnsonout', 44), ('dominiccummimgs', 43), ('coronavirus', 42), ('covid19', 39), ('COVID', 29), ('Covid19', 26), ('lockdown', 25), ('dominiccummings', 16), ('BorisJohnson', 13)]",2020-05-24
66,"[('COVID19', 133), ('coronavirus', 93), ('DominicCummngs', 50), ('DominicCummings', 34), ('lockdown', 32), ('covid19', 26), ('Covid19', 21), ('NHS', 18), ('Covid_19', 16), ('covid', 15)]",2020-05-25
67,"[('COVID__19', 73), ('coronavirus', 62), ('COVID19', 41), ('Covid_19', 40), ('covid19', 32), ('lockdown', 19), ('Covid19', 14), ('DominicCummings', 14), ('COVID', 13), ('NHS', 10)]",2020-05-26
68,"[('COVID19', 136), ('COVID__19', 83), ('coronavirus', 73), ('covid19', 30), ('Covid_19', 26), ('lockdown', 22), ('Coronavirus', 16), ('Covid19', 16), ('DominicCummnings', 14), ('SocialDistancing', 9)]",2020-05-27
69,"[('COVID19', 164), ('coronavirus', 74), ('covid19', 47), ('Covid_19', 33), ('lockdown', 21), ('Covid19', 20), ('COVID', 17), ('CoronaVirus', 14), ('Covid', 12), ('covid', 11)]",2020-05-28
70,"[('COVID19', 79), ('coronavirus', 41), ('covid19', 33), ('Covid19', 19), ('lockdown', 15), ('Covid_19', 13), ('COVID', 11), ('covid', 8), ('COVID__19', 8), ('NHS', 6)]",2020-05-29
71,"[('COVID19', 100), ('coronavirus', 62), ('covid19', 51), ('lockdown', 26), ('COVID__19', 21), ('Covid19', 15), ('COVID', 14), ('Covid_19', 12), ('Glasgow', 12), ('CoronaVirus', 11)]",2020-05-30
72,"[('COVID19', 102), ('coronavirus', 47), ('covid19', 39), ('Covid19', 27), ('COVID__19', 24), ('covid', 16), ('Covid_19', 10), ('COVIDIOTS', 10), ('COVIDIDIOTS', 10), ('COVID', 9)]",2020-05-31
73,"[('COVID19', 95), ('coronavirus', 45), ('covid19', 38), ('Covid19', 26), ('lockdown', 13), ('COVID_19', 12), ('BlackLivesMatter', 11), ('covid', 9), ('Coronavirus', 9), ('Covid_19', 7)]",2020-06-01
74,"[('COVID19', 106), ('covid19', 40), ('coronavirus', 38), ('Covid19', 19), ('BlackLivesMatter', 18), ('lockdown', 15), ('Covid_19', 11), ('COVID', 10), ('covid_19', 9), ('BAME', 7)]",2020-06-02
75,"[('COVID19', 88), ('Covid_19', 73), ('coronavirus', 41), ('covid19', 31), ('Covid19', 26), ('BlackLivesMattter', 15), ('COVID', 14), ('BlackLivesMatter', 12), ('borisvoteofnoconfidence', 11), ('lockdown', 10)]",2020-06-03
76,"[('COVID19', 74), ('coronavirus', 56), ('covid19', 22), ('Covid19', 17), ('COVIDー19', 13), ('COVID', 7), ('covid', 7), ('Covid_19', 7), ('uk', 6), ('SocialDistancing', 6)]",2020-06-04
77,"[('COVID19', 75), ('coronavirus', 39), ('covid19', 29), ('Covid19', 13), ('COVIDー19', 12), ('lockdown', 11), ('covid', 10), ('Coronavirus', 9), ('ExcludedUK', 8), ('StayAlert', 6)]",2020-06-05
78,"[('COVID19', 124), ('coronavirus', 50), ('covid19', 27), ('BlackLivesMatter', 26), ('Covid19', 14), ('COVIDIDIOTS', 10), ('lockdown', 9), ('BlackLivesMattters', 8), ('Covid19UK', 7), ('BlackLivesMatterUK', 7)]",2020-06-06
79,"[('COVID19', 113), ('coronavirus', 48), ('covid19', 23), ('covid', 16), ('BlackLivesMatter', 15), ('Covid19', 14), ('COVIDIDIOTS', 13), ('londonprotest', 9), ('BlackLivesMattters', 9), ('BLM', 8)]",2020-06-07
80,"[('COVID19', 115), ('coronavirus', 41), ('lockdown', 31), ('covid19', 28), ('COVID__19', 13), ('Covid19', 12), ('covid', 11), ('BlackLivesMatter', 9), ('pandemic', 6), ('blm', 6)]",2020-06-08
81,"[('COVID__19', 54), ('COVID19', 46), ('coronavirus', 45), ('covid19', 32), ('Covid_19', 18), ('lockdown', 16), ('COVID', 12), ('Covid19', 8), ('pandemic', 8), ('covid', 7)]",2020-06-09
82,"[('COVID__19', 78), ('COVID19', 54), ('coronavirus', 41), ('Covid19', 21), ('covid19', 17), ('lockdown', 13), ('Covid', 8), ('COVID', 8), ('covid', 7), ('OneCrisisAtATime', 5)]",2020-06-10
83,"[('COVID19', 113), ('coronavirus', 35), ('covid19', 27), ('COVID__19', 23), ('lockdown', 15), ('covid', 13), ('Covid19', 10), ('pandemic', 6), ('staysafe', 6), ('BiomedicalScienceDay2020', 6)]",2020-06-11
84,"[('COVID19', 113), ('coronavirus', 38), ('covid19', 23), ('lockdown', 12), ('Covid19', 11), ('COVID', 10), ('covid', 8), ('KPMGBudgetInsights', 7), ('Coronavirus', 6), ('covid_19', 6)]",2020-06-12
85,"[('COVID19', 93), ('covid19', 30), ('coronavirus', 27), ('lockdown', 16), ('londonriots', 7), ('BlackLivesMatter', 6), ('londonprotests', 6), ('COVID', 6), ('Covid19', 6), ('covid_19', 5)]",2020-06-13
86,"[('COVID19', 92), ('coronavirus', 30), ('covid19', 28), ('lockdown', 16), ('Covid19', 12), ('Covid', 7), ('Covid_19', 7), ('COVID', 7), ('covid_19', 7), ('covid', 6)]",2020-06-14
87,"[('COVID19', 126), ('coronavirus', 39), ('covid19', 29), ('Covid_19', 22), ('covid', 14), ('shopsreopening', 12), ('lockdown', 11), ('Covid19', 8), ('SocialDistancing', 6), ('StayAlert', 6)]",2020-06-15
88,"[('COVID19', 132), ('Covid_19', 55), ('coronavirus', 37), ('covid19', 21), ('dexamethasone', 13), ('Covid19', 13), ('StaySafe', 9), ('COVID', 8), ('covid', 7), ('pandemic', 6)]",2020-06-16
89,"[('COVID19', 119), ('coronavirus', 28), ('covid19', 25), ('Covid_19', 15), ('lockdown', 9), ('Covid19', 9), ('COVID', 8), ('footballsback', 7), ('PremierLeague', 6), ('ExcludedUK', 5)]",2020-06-17
90,"[('COVID19', 138), ('coronavirus', 36), ('COVID', 23), ('covid19', 22), ('lockdown', 22), ('Covid_19', 21), ('Covid19', 9), ('Covid19UK', 8), ('SocialDistancing', 6), ('4Nature4Us', 6)]",2020-06-18
91,"[('COVID19', 138), ('coronavirus', 45), ('covid19', 22), ('COVID', 17), ('lockdown', 15), ('Covid19', 13), ('Covid_19', 11), ('gatherings', 7), ('covid', 6), ('Covid', 5)]",2020-06-19
92,"[('COVID19', 100), ('coronavirus', 33), ('COVID', 32), ('lockdown', 28), ('covid19', 27), ('gatherings', 21), ('ScottishLivesMatterToo', 13), ('covid', 10), ('Covid19', 8), ('COVIDIOTS', 6)]",2020-06-20
93,"[('COVID19', 97), ('coronavirus', 28), ('covid19', 15), ('lockdown', 13), ('Covid_19', 11), ('FathersDay', 8), ('COVID', 7), ('CoronaVirus', 6), ('nhs', 6), ('Coronavirus', 5)]",2020-06-21
94,"[('COVID19', 89), ('coronavirus', 29), ('Covid_19', 23), ('covid19', 21), ('lockdown', 10), ('COVID', 7), ('covid', 6), ('Coronavirus', 5), ('Covid19', 5), ('NHS', 5)]",2020-06-22
95,"[('COVID19', 126), ('coronavirus', 46), ('covid19', 38), ('lockdown', 20), ('COVID__19', 19), ('Covid_19', 17), ('COVID', 11), ('covid', 10), ('Covid19UK', 9), ('DailyBriefing', 9)]",2020-06-23
96,"[('COVID19', 88), ('coronavirus', 31), ('covid19', 22), ('COVID__19', 20), ('COVID', 18), ('covid', 14), ('Covid19', 12), ('lockdown', 7), ('covid_19', 7), ('Covid', 6)]",2020-06-24
97,"[('COVID19', 128), ('coronavirus', 42), ('covid19', 22), ('bournemouthbeach', 14), ('COVIDIDIOTS', 11), ('covid', 11), ('NHS', 8), ('lockdown', 7), ('Covid19', 6), ('COVID__19', 6)]",2020-06-25
98,"[('COVID19', 91), ('coronavirus', 29), ('covid19', 25), ('Covid_19', 10), ('test', 8), ('COVID', 8), ('lockdown', 7), ('Covid19', 7), ('FridayThoughts', 7), ('SocialDistancing', 5)]",2020-06-26
99,"[('COVID19', 91), ('coronavirus', 34), ('covid19', 28), ('COVID', 12), ('Covid19', 10), ('lockdown', 8), ('covid', 7), ('StaySafe', 5), ('SocialDistancing', 4), ('Coronavirus', 4)]",2020-06-27
100,"[('COVID19', 72), ('coronavirus', 25), ('Covid19', 24), ('covid19', 12), ('lockdown', 9), ('Covid_19', 9), ('Coronavirus', 8), ('COVID', 7), ('pandemic', 6), ('covid', 6)]",2020-06-28
101,"[('COVID19', 105), ('coronavirus', 30), ('Covid19', 26), ('covid19', 23), ('leicesterlockdown', 19), ('Covid_19', 17), ('lockdown', 13), ('covid', 9), ('COVID', 8), ('Leicester', 8)]",2020-06-29
102,"[('COVID19', 116), ('coronavirus', 31), ('covid19', 24), ('Covid19', 19), ('COVID', 9), ('Leicester', 9), ('covid', 8), ('leicesterlockdown', 8), ('lockdown', 6), ('Covid_19', 6)]",2020-06-30
103,"[('COVID19', 52), ('coronavirus', 45), ('covid19', 29), ('Covid_19', 20), ('Covid19', 12), ('lockdown', 11), ('COVIDー19', 7), ('covid', 7), ('1stJuly', 7), ('Brexit', 6)]",2020-07-01
104,"[('COVID19', 54), ('coronavirus', 36), ('covid19', 23), ('COVIDー19', 12), ('covid', 11), ('LetTheMusicPlay', 10), ('ThankYouNHS', 10), ('Covid19', 9), ('Covid19UK', 8), ('Covid', 6)]",2020-07-02
105,"[('COVID19', 54), ('coronavirus', 42), ('covid19', 32), ('carehomes', 16), ('Covid19', 11), ('covid', 11), ('InfectionControl', 9), ('Health', 9), ('Doctors', 9), ('Warwickshire', 9)]",2020-07-03
106,"[('COVID19', 86), ('coronavirus', 34), ('covid19', 26), ('Covid19', 21), ('lockdown', 13), ('COVID', 10), ('NHS', 9), ('NHSBirthday', 9), ('4thofJuly', 9), ('Covid', 8)]",2020-07-04
107,"[('COVID19', 109), ('coronavirus', 32), ('NHS', 15), ('covid19', 13), ('lockdown', 12), ('NHSBirthday', 12), ('ThankYouNHS', 11), ('ThankYouTogether', 11), ('Covid19', 10), ('NHS72', 9)]",2020-07-05
108,"[('COVID19', 62), ('coronavirus', 29), ('covid19', 27), ('Covid19', 14), ('covid', 11), ('COVID', 9), ('Covid_19', 7), ('lockdown', 6), ('COVID_19', 6), ('Covid', 4)]",2020-07-06
109,"[('COVID19', 77), ('covid19', 23), ('coronavirus', 23), ('COVID', 21), ('Covid19', 17), ('carehome', 15), ('Warwickshire', 9), ('HCAIs', 9), ('Infectioncontrol', 8), ('COVID_19', 8)]",2020-07-07
110,"[('COVID19', 109), ('covid19', 27), ('coronavirus', 26), ('Covid19', 16), ('Coronavirus', 15), ('COVID', 8), ('PMQs', 8), ('nhs', 7), ('cantcomplain', 7), ('GreenRecovery', 7)]",2020-07-08
111,"[('COVID19', 44), ('coronavirus', 33), ('covid19', 24), ('Covid19', 15), ('Covid', 11), ('COVID', 11), ('COVID__19', 9), ('covid', 9), ('StaySafe', 5), ('NHS', 5)]",2020-07-09
112,"[('COVID19', 61), ('coronavirus', 27), ('covid19', 27), ('Covid19', 13), ('COVID__19', 12), ('covid', 11), ('COVID', 10), ('Coronavirus', 8), ('lockdown', 6), ('COVID_19', 5)]",2020-07-10
113,"[('COVID19', 66), ('coronavirus', 29), ('COVID__19', 25), ('covid19', 15), ('Covid19', 12), ('covid', 7), ('BAME', 7), ('Covid', 7), ('lockdown', 7), ('Covid_19', 6)]",2020-07-11
114,"[('COVID19', 47), ('Covid_19', 25), ('coronavirus', 23), ('COVID__19', 19), ('covid19', 15), ('Covid19', 14), ('covid', 12), ('cleaningservices', 7), ('cleaningmotivation', 7), ('home', 7)]",2020-07-12
115,"[('Covid_19', 71), ('COVID19', 53), ('covid19', 14), ('coronavirus', 13), ('covid', 8), ('facemask', 7), ('Covid19', 7), ('facemasks', 5), ('lockdown', 5), ('Coronavirus', 5)]",2020-07-13
116,"[('COVID19', 102), ('Covid_19', 47), ('coronavirus', 43), ('facemask', 28), ('covid19', 23), ('facemasks', 13), ('Covid19', 10), ('StaySafe', 9), ('NHS', 8), ('Covid', 8)]",2020-07-14
117,"[('COVID19', 115), ('coronavirus', 38), ('covid19', 23), ('Covid_19', 15), ('covid', 10), ('Scotland', 9), ('WearAMask', 8), ('lockdown', 7), ('pandemic', 7), ('Covid19', 7)]",2020-07-15
118,"[('COVID19', 118), ('coronavirus', 33), ('covid19', 22), ('COVID__19', 12), ('Covid19', 11), ('Covid', 7), ('lockdown', 7), ('Leicester', 6), ('covid', 6), ('COVID', 6)]",2020-07-16
119,"[('COVID19', 76), ('COVID__19', 34), ('coronavirus', 25), ('covid19', 21), ('Covid19', 10), ('Coronavirus', 8), ('covid', 8), ('NHS', 7), ('covid_19', 4), ('COVID_19', 4)]",2020-07-17
120,"[('COVID19', 71), ('coronavirus', 63), ('covid19', 55), ('essex', 30), ('socialdistancimg', 30), ('braintreevillage', 30), ('braintree', 30), ('outletshopping', 30), ('designeroultet', 30), ('fashion', 30)]",2020-07-18
121,"[('COVID19', 57), ('coronavirus', 32), ('covid19', 22), ('Covid19', 11), ('COVID__19', 10), ('CoronaVirus', 6), ('COVIDー19', 5), ('staysafe', 5), ('covid', 5), ('Covid19UK', 5)]",2020-07-19
122,"[('COVID19', 59), ('covid19', 16), ('coronavirus', 15), ('staysafe', 6), ('Covid19', 5), ('COVID', 5), ('lockdown', 5), ('socialdistancing', 5), ('ALHAMDULILAH', 4), ('thanksgiving', 4)]",2020-07-20
123,"[('COVID19', 96), ('coronavirus', 32), ('covid19', 23), ('COVID', 11), ('Covid19', 8), ('nurses', 8), ('NHS', 8), ('covid', 7), ('payrise', 7), ('COVIDー19', 6)]",2020-07-21
124,"[('COVID19', 61), ('covid19', 25), ('coronavirus', 18), ('COVID', 10), ('Covid19', 10), ('covid', 6), ('healthy', 5), ('birminghamairport', 4), ('Coronavirus', 4), ('covi', 4)]",2020-07-22
125,"[('COVID19', 77), ('Covid_19', 23), ('covid19', 18), ('coronavirus', 16), ('Covid19', 13), ('COVID', 13), ('covid', 11), ('facemasks', 11), ('Covid', 8), ('WearAMask', 6)]",2020-07-23
126,"[('COVID19', 90), ('coronavirus', 28), ('covid19', 22), ('FixCare', 16), ('Covid_19', 15), ('facemasks', 11), ('facecoverings', 10), ('Covid19', 9), ('mask', 8), ('Covid', 8)]",2020-07-24
127,"[('COVID19', 55), ('coronavirus', 26), ('covid19', 21), ('Covid19', 7), ('covid_19', 6), ('covid', 6), ('staysafe', 6), ('melton', 5), ('mask', 5), ('meltonmowbray', 5)]",2020-07-25
128,"[('COVID19', 37), ('coronavirus', 28), ('covid19', 15), ('Spain', 8), ('Covid_19', 7), ('SpainQuarantine', 7), ('Coronavirus', 6), ('Covid', 5), ('NHS', 4), ('COVIDー19', 4)]",2020-07-26
129,"[('COVID19', 69), ('coronavirus', 28), ('covid19', 20), ('Covid19', 16), ('COVID', 10), ('covid', 7), ('Covid', 6), ('RSMCOVIDConf', 5), ('Covid_19', 4), ('CoronaVirus', 4)]",2020-07-27
130,"[('COVID19', 110), ('covid19', 23), ('coronavirus', 19), ('covid', 8), ('StaySafe', 7), ('lockdown', 6), ('WearAMask', 5), ('Covid19', 5), ('COVID', 5), ('Covid', 4)]",2020-07-28
131,"[('COVID19', 87), ('COVID__19', 28), ('coronavirus', 27), ('covid19', 18), ('Covid19', 12), ('covid_19', 8), ('Covid_19', 7), ('secondwave', 6), ('Brexit', 5), ('Covid', 5)]",2020-07-29
132,"[('COVID19', 89), ('COVID__19', 54), ('coronavirus', 28), ('covid19', 17), ('Covid19', 11), ('COVID', 10), ('covid', 9), ('WearAMask', 8), ('coronavirusuk', 8), ('Covid', 6)]",2020-07-30
133,"[('COVID19', 96), ('coronavirus', 24), ('covid19', 19), ('Covid', 14), ('Covid19', 10), ('covid', 10), ('lockdown', 9), ('Covid19UK', 9), ('COVID__19', 8), ('Coronavirus', 6)]",2020-07-31
134,"[('COVID19', 61), ('coronavirus', 25), ('covid19', 14), ('covid', 13), ('Covid_19', 11), ('COVID', 8), ('ViralAction', 7), ('Haz2020', 7), ('Covid19', 6), ('SocialDistancing', 6)]",2020-08-01
135,"[('Covid_19', 52), ('COVID19', 38), ('coronavirus', 28), ('covid19', 22), ('COVID', 12), ('Covid19', 10), ('ExcludedUK', 5), ('london', 5), ('sundayvibes', 5), ('Covid', 5)]",2020-08-02
136,"[('Covid_19', 71), ('COVID19', 48), ('coronavirus', 25), ('Covid19', 9), ('covid19', 7), ('lockdown', 7), ('covid', 7), ('COVID', 6), ('shielding', 5), ('Coronavirus', 5)]",2020-08-03
137,"[('COVID19', 100), ('coronavirus', 19), ('Covid_19', 16), ('covid19', 14), ('Aberdeen', 7), ('Covid19', 6), ('CoronaVirus', 5), ('examresults', 5), ('Covid', 5), ('NHS', 5)]",2020-08-04
138,"[('COVID19', 90), ('covid19', 19), ('coronavirus', 16), ('Covid19', 11), ('Aberdeen', 10), ('COVID', 10), ('lockdown', 9), ('survivingthevirus', 7), ('Covid19UK', 6), ('Scotland', 5)]",2020-08-05
139,"[('COVID19', 45), ('COVID__19', 39), ('coronavirus', 14), ('covid19', 14), ('lockdown', 7), ('StaySafe', 6), ('KRONKEOUT', 6), ('shielding', 6), ('COVID', 5), ('shielded', 5)]",2020-08-06
140,"[('COVID19', 60), ('COVID__19', 31), ('covid19', 18), ('coronavirus', 13), ('StaySafe', 7), ('covid', 6), ('lockdown', 5), ('SocialDistancing', 3), ('Covid19UK', 3), ('charity', 3)]",2020-08-07
141,"[('COVID19', 59), ('coronavirus', 20), ('covid19', 19), ('CoronaVirus', 12), ('CoronaVirusUk', 11), ('Instagram', 11), ('SocialMedia', 11), ('Life', 11), ('DayInTheLife', 11), ('CoronaUk', 11)]",2020-08-08
142,"[('COVID19', 83), ('coronavirus', 33), ('Covid19', 9), ('covid19', 7), ('SocialDistancing', 6), ('sundayvibes', 5), ('Covid', 5), ('BorisHasFailedUK', 5), ('Covid19UK', 5), ('streetscenes', 4)]",2020-08-09
143,"[('COVID19', 75), ('coronavirus', 17), ('covid19', 16), ('covid', 12), ('Covid19', 5), ('mondaythoughts', 5), ('art', 5), ('Covid', 4), ('WearAMask', 4), ('COVID', 4)]",2020-08-10
144,"[('COVID19', 91), ('coronavirus', 23), ('covid19', 14), ('WeMakeEvents', 9), ('covid', 8), ('Aldi', 7), ('COVID', 7), ('Tönnies', 7), ('Covid19', 5), ('lockdown', 5)]",2020-08-11
145,"[('COVID19', 86), ('coronavirus', 15), ('recession', 13), ('covid19', 10), ('change', 8), ('resilence', 8), ('shorehamcounsellors', 8), ('lyllylib', 8), ('mbc', 8), ('mbcounselling', 8)]",2020-08-12
146,"[('COVID19', 60), ('Covid_19', 29), ('coronavirus', 21), ('covid19', 9), ('AlevelResults', 7), ('Covid19', 6), ('ExamResults', 5), ('Covid19UK', 5), ('covid', 5), ('Capitalism', 3)]",2020-08-13
147,"[('Covid_19', 56), ('COVID19', 28), ('coronavirus', 17), ('lyllylib', 14), ('change', 14), ('mbcounselling', 14), ('mbc', 14), ('meditation', 14), ('shorehamcounsellors', 14), ('resilence', 14)]",2020-08-14
148,"[('COVID19', 62), ('Covid_19', 22), ('COVID', 11), ('coronavirus', 11), ('covid19', 10), ('covid', 8), ('lockdown', 6), ('SocialDistancing', 4), ('Covid19', 4), ('Covid', 4)]",2020-08-15
149,"[('COVID19', 62), ('covid19', 11), ('coronavirus', 9), ('Covid_19', 8), ('weareballymore', 8), ('NHS', 7), ('crowdfunder', 7), ('Covid19', 6), ('leasehold', 5), ('help', 4)]",2020-08-16
150,"[('COVID19', 102), ('coronavirus', 29), ('covid19', 18), ('Covid19', 14), ('NHS', 9), ('COVID', 7), ('SocialDistancing', 7), ('WearAMask', 6), ('ALevelsResults', 5), ('lockdown', 5)]",2020-08-17
151,"[('COVID19', 75), ('coronavirus', 19), ('covid', 9), ('COVID', 7), ('covid19', 6), ('Covid', 6), ('Covid_19', 5), ('CoronaVirus', 5), ('Covid19', 4), ('teamgynae', 4)]",2020-08-18
152,"[('Covid_19', 42), ('COVID19', 40), ('coronavirus', 19), ('covid19', 16), ('covid', 6), ('Covid19', 6), ('Covid', 6), ('StaySafe', 4), ('PritiPatel', 4), ('Capitalism', 4)]",2020-08-19
153,"[('Covid_19', 57), ('COVID19', 31), ('coronavirus', 11), ('covid19', 9), ('Covid19', 7), ('covid', 5), ('ThursdayThoughts', 4), ('lockdown', 4), ('mentalhealth', 3), ('earlydiagnosis', 3)]",2020-08-20
154,"[('COVID19', 79), ('CoronaVirus', 15), ('CoronaVirusUk', 14), ('DayInTheLife', 14), ('Life', 14), ('SocialMedia', 14), ('Instagram', 14), ('CoronaUk', 14), ('coronavirus', 14), ('covid19', 8)]",2020-08-21
155,"[('COVID19', 73), ('coronavirus', 21), ('Covid19', 10), ('covid19', 8), ('CoronaVirus', 8), ('NHS', 5), ('CoronaUk', 4), ('Covid', 4), ('CoronaVirusUk', 4), ('DayInTheLife', 4)]",2020-08-22
156,"[('COVID19', 71), ('CoronaVirus', 13), ('CoronaUk', 12), ('DayInTheLife', 12), ('Life', 12), ('SocialMedia', 12), ('Instagram', 12), ('CoronaVirusUk', 12), ('Covid', 12), ('coronavirus', 9)]",2020-08-23
157,"[('COVID19', 75), ('coronavirus', 8), ('schoolsreopening', 8), ('covid19', 6), ('COVID', 5), ('AllLivesMatter', 4), ('EatOutToHelpOut', 3), ('covid_19', 3), ('Covid19', 3), ('SocialDistancing', 3)]",2020-08-24
158,"[('COVID19', 90), ('Covid19', 11), ('coronavirus', 11), ('covid19', 11), ('covid', 5), ('StaySafe', 5), ('change', 5), ('mbc', 4), ('lyllylib', 4), ('meditation', 4)]",2020-08-25
159,"[('COVID19', 45), ('COVID', 16), ('Covid19', 14), ('coronavirus', 13), ('covid19', 13), ('Coronavirus', 5), ('covid', 5), ('covid_19', 4), ('Covid', 4), ('COVID__19', 4)]",2020-08-26
160,"[('COVID19', 63), ('coronavirus', 15), ('Covid', 8), ('covid19', 7), ('CoronaVirus', 5), ('Covid19', 5), ('CoronaVirusUk', 4), ('CoronaUk', 4), ('DayInTheLife', 4), ('Life', 4)]",2020-08-27
161,"[('COVID19', 53), ('coronavírus', 11), ('mbc', 11), ('change', 11), ('resilence', 11), ('shorehamcounsellors', 11), ('meditation', 11), ('lyllylib', 11), ('mbcounselling', 11), ('bekind', 11)]",2020-08-28
162,"[('COVID19', 22), ('coronavirus', 18), ('covid19', 18), ('COVID', 12), ('pandemic', 9), ('londonprotest', 9), ('Stopthelockdown', 9), ('StopNewNormal', 9), ('OLYMPUS', 9), ('stevesevilempire', 8)]",2020-08-29
163,"[('COVID19', 45), ('coronavirus', 14), ('covid19', 8), ('Covid19', 6), ('COVID', 6), ('covid', 4), ('SundayThoughts', 4), ('COVIDー19', 4), ('sundayvibes', 3), ('Coronavirus', 3)]",2020-08-30
164,"[('COVID19', 53), ('covid19', 15), ('Coronavirus', 12), ('covid', 9), ('coronavirus', 8), ('WearAMask', 5), ('coronavirusuk', 5), ('lockdown', 5), ('COVID', 4), ('SocialDistancing', 4)]",2020-08-31
165,"[('COVID19', 54), ('COVID', 20), ('coronavirus', 20), ('covid19', 12), ('Covid19', 10), ('change', 6), ('Covid19UK', 6), ('bekind', 5), ('mbc', 5), ('lyllylib', 5)]",2020-09-01
166,"[('COVID19', 69), ('coronavirus', 18), ('covid19', 8), ('PMQs', 8), ('Covid19', 6), ('SocialDistancing', 5), ('COVID', 4), ('lettings', 4), ('BackToSchool', 4), ('change', 3)]",2020-09-02
167,"[('Covid_19', 58), ('COVID19', 32), ('Covid19', 14), ('coronavirus', 10), ('covid19', 10), ('coronavírus', 9), ('mbc', 9), ('lyllylib', 9), ('meditation', 9), ('shorehamcounsellors', 9)]",2020-09-03
168,"[('Covid_19', 62), ('COVID19', 31), ('covid', 9), ('COVID', 9), ('coronavirus', 9), ('covid19', 7), ('Covid19', 6), ('Covid', 5), ('Leeds', 4), ('Pandemic', 3)]",2020-09-04
169,"[('COVID19', 42), ('covid19', 10), ('coronavirus', 10), ('covid', 10), ('Covid_19', 9), ('CoronaVirus', 7), ('Covid19', 5), ('CoronaVirusUk', 4), ('lockdown', 4), ('CoronaUk', 4)]",2020-09-05
170,"[('COVID19', 44), ('covid19', 13), ('covid', 10), ('Covid19', 9), ('coronavirus', 9), ('COVID', 5), ('Covid19UK', 4), ('secondwave', 4), ('DreamLab', 3), ('COVIDIOTS', 3)]",2020-09-06
171,"[('COVID19', 55), ('COVID', 21), ('coronavirus', 17), ('covid', 15), ('Covid19UK', 14), ('GlasgowGreen', 11), ('Rally', 11), ('Conspiracytheory', 11), ('Antimask', 11), ('March', 11)]",2020-09-07
172,"[('COVID19', 101), ('coronavirus', 23), ('Covid19UK', 21), ('COVID', 20), ('covid', 15), ('covid19', 14), ('Covid19', 11), ('birthblissdoulas', 6), ('lockedoutofbirth', 6), ('butnotmaternity', 6)]",2020-09-08
173,"[('COVID19', 109), ('coronavirus', 23), ('coronavirusuk', 20), ('Covid19UK', 20), ('covid19', 15), ('covid', 15), ('Covid19', 13), ('TrumpKnew', 13), ('COVID', 8), ('lockdown', 6)]",2020-09-09
174,"[('COVID19', 65), ('Covid19', 27), ('COVID', 21), ('covid19', 17), ('coronavirus', 14), ('Covid19UK', 13), ('covid', 12), ('CovidUK', 10), ('ProtectScotland', 10), ('Covid_19', 9)]",2020-09-10
175,"[('COVID19', 70), ('coronavirus', 26), ('Covid19', 16), ('Covid', 15), ('Covid19UK', 12), ('Covid_19', 12), ('covid', 9), ('covid19', 7), ('BBCScotlandSwitchOff', 7), ('COVID', 6)]",2020-09-11
176,"[('COVID19', 55), ('coronavirus', 24), ('covid19', 17), ('covid', 11), ('Covid19', 10), ('Covid', 8), ('COVID', 8), ('bekind', 7), ('Trump', 7), ('Covid19UK', 6)]",2020-09-12
177,"[('COVID19', 62), ('coronavirus', 22), ('covid19', 12), ('Covid', 9), ('Covid19', 9), ('COVID', 7), ('covid', 7), ('Covid19UK', 5), ('lockdown', 5), ('NHS', 5)]",2020-09-13
178,"[('COVID19', 90), ('Covid_19', 47), ('coronavirus', 18), ('covid19', 16), ('covid', 10), ('RuleOfSix', 9), ('COVID', 9), ('Covid19', 8), ('MondayMotivation', 8), ('Covid19UK', 7)]",2020-09-14
179,"[('Covid_19', 78), ('COVID19', 39), ('coronavirus', 16), ('CovidTesting', 11), ('COVID', 10), ('Covid19', 9), ('Covid', 8), ('covid', 7), ('covid19', 5), ('covid_19', 4)]",2020-09-15
180,"[('COVID19', 71), ('coronavirus', 25), ('Covid_19', 23), ('CovidTesting', 15), ('PMQs', 12), ('covid19', 11), ('Covid19', 8), ('Covid', 6), ('covid', 6), ('coronavirusuk', 5)]",2020-09-16
181,"[('COVID19', 102), ('coronavirus', 29), ('COVID__19', 24), ('bbcqt', 17), ('Covid19', 15), ('covid', 10), ('COVID', 10), ('CovidTesting', 8), ('covid_19', 7), ('Capitalism', 7)]",2020-09-17
182,"[('COVID19', 67), ('COVID__19', 63), ('lockdownUK', 9), ('covid', 8), ('lockdown', 8), ('coronavirus', 8), ('Covid19', 8), ('Covid19UK', 7), ('covid19', 7), ('northeastlockdown', 5)]",2020-09-18
183,"[('COVID19', 46), ('COVID__19', 27), ('coronavirus', 25), ('covid19', 13), ('COVID', 12), ('Covid19', 11), ('covid', 11), ('Covid', 8), ('SecondWave', 6), ('COVIDIDIOTS', 5)]",2020-09-19
184,"[('COVID19', 65), ('coronavirus', 17), ('covid19', 12), ('bekind', 11), ('shorehamcounsellors', 11), ('mentalhealthawareness', 11), ('mbc', 11), ('lyllylib', 11), ('meditation', 11), ('change', 11)]",2020-09-20
185,"[('Covid_19', 101), ('COVID19', 43), ('coronavirus', 26), ('Covid19UK', 25), ('covid', 18), ('Covid19', 14), ('shielding', 10), ('Lockdown2', 9), ('Covid', 8), ('covid19', 8)]",2020-09-21
186,"[('Covid_19', 194), ('COVID19', 105), ('covidbriefing', 79), ('Lockdown2', 38), ('coronavirus', 33), ('BorisJohnson', 29), ('covid', 25), ('Covid', 19), ('Covid19UK', 15), ('covid19', 14)]",2020-09-22
187,"[('COVID19', 136), ('Covid_19', 27), ('coronavirus', 26), ('covid', 17), ('covid19', 16), ('Lockdown2', 11), ('Covid19UK', 9), ('covid_19', 7), ('Covid', 7), ('Covid19', 7)]",2020-09-23
188,"[('COVID19', 118), ('Covid19', 22), ('coronavirus', 22), ('covid19', 16), ('Covid', 10), ('NHSCOVID19app', 8), ('covid', 8), ('covid_19', 8), ('TrackandTrace', 7), ('CovidUK', 6)]",2020-09-24
189,"[('COVID19', 70), ('CovidUK', 14), ('covid19', 13), ('Covid', 12), ('coronavirus', 12), ('covid', 11), ('Covid19', 10), ('Covid19UK', 9), ('Brexit', 7), ('covid_19', 6)]",2020-09-25
190,"[('COVID19', 42), ('coronavirus', 17), ('covid', 14), ('covid19', 11), ('CovidUK', 10), ('Covid', 10), ('Coronavirus', 8), ('Covid19', 8), ('COVIDー19', 8), ('covid_19', 7)]",2020-09-26
191,"[('COVID19', 34), ('Covid19', 14), ('covid', 11), ('coronavirus', 11), ('Covid', 7), ('covid19', 5), ('covid_19', 5), ('COVID', 5), ('Capitalism', 4), ('COVIDー19', 4)]",2020-09-27
192,"[('COVID19', 106), ('coronavirus', 20), ('covid19', 12), ('covid', 11), ('Covid19', 10), ('SocialDistancing', 6), ('lockdown', 5), ('Covid', 5), ('Covid19UK', 5), ('CovidUK', 5)]",2020-09-28
193,"[('COVID19', 138), ('Covid19', 13), ('covid19', 13), ('COVID', 11), ('coronavirus', 10), ('Brexit', 10), ('Covid19UK', 8), ('KayBurley', 7), ('pandemic', 7), ('covid', 7)]",2020-09-29
194,"[('COVID19', 114), ('Covid19', 10), ('coronavirus', 10), ('WeMakeEvents', 10), ('covid19', 9), ('Covid19UK', 7), ('covid', 7), ('Covid', 6), ('COVIDIDIOTS', 5), ('LightItInRed', 4)]",2020-09-30
195,"[('COVID19', 102), ('coronavirus', 21), ('Covid19', 15), ('Covid19UK', 14), ('Covid', 9), ('covid19', 7), ('covid', 7), ('COVIDIOTS', 6), ('Coronavirus', 6), ('COVID', 5)]",2020-10-01
196,"[('COVID19', 161), ('coronavirus', 28), ('TrumpHasCovid', 28), ('Trump', 28), ('Covid19', 19), ('TrumpCovid', 16), ('covid', 14), ('Covid', 12), ('DonaldTrump', 10), ('TrumpVirus', 9)]",2020-10-02
197,"[('COVID19', 113), ('coronavirus', 16), ('COVID', 11), ('covid19', 7), ('Trump', 7), ('covid', 7), ('Covid19', 6), ('TrumpCovid', 6), ('COVIDIOTS', 5), ('WearAMask', 5)]",2020-10-03
198,"[('COVID19', 57), ('covid19', 14), ('coronavirus', 9), ('COVIDIOTS', 6), ('Covid', 6), ('Coronavirus', 5), ('avfc', 5), ('covid', 4), ('Covid19', 4), ('Covid_19', 4)]",2020-10-04
199,"[('COVID19', 108), ('coronavirus', 16), ('covid', 13), ('covid19', 9), ('TrumpCovid19', 8), ('SercoTestAndTrace', 8), ('Covid', 7), ('COVIDIOT', 7), ('Covid19', 6), ('Covid19UK', 6)]",2020-10-05
200,"[('COVID19', 60), ('Covid_19', 29), ('coronavirus', 12), ('covid19', 11), ('Covid19', 10), ('covid', 9), ('TrumpCovid19', 6), ('COVIDIOT', 6), ('WearAMask', 5), ('Covid', 5)]",2020-10-06
201,"[('Covid_19', 107), ('COVID19', 36), ('coronavirus', 21), ('Covid19', 14), ('covid19', 13), ('Covid', 11), ('Trump', 10), ('covid', 8), ('Scotland', 6), ('Sturgeon', 6)]",2020-10-07
202,"[('COVID19', 87), ('Covid_19', 43), ('covid', 21), ('Covid19UK', 12), ('coronavirus', 11), ('covid19', 10), ('CovidUK', 10), ('Covid19', 8), ('bbcQT', 7), ('COVID', 7)]",2020-10-08
203,"[('COVID19', 64), ('COVID__19', 19), ('coronavirus', 13), ('Covid19', 12), ('covid19', 10), ('Covid', 9), ('covid', 9), ('COVID', 7), ('CovidUK', 7), ('Covid_19', 5)]",2020-10-09
204,"[('COVID19', 49), ('COVID__19', 43), ('WorldMentalHealthDay', 17), ('Covid', 9), ('covid19', 9), ('worldmentalhealthday2020', 8), ('coronavirus', 8), ('Covid19', 6), ('NHS', 6), ('covid_19', 5)]",2020-10-10
205,"[('COVID19', 67), ('COVID__19', 42), ('coronavirus', 22), ('lockdown', 12), ('covid', 10), ('COVID', 9), ('covid19', 9), ('Covid', 8), ('Covid19', 7), ('Covid19UK', 7)]",2020-10-11
206,"[('COVID19', 134), ('coronavirusuk', 29), ('covidbriefing', 25), ('coronavirus', 23), ('lockdown', 19), ('Covid19', 17), ('Covid19UK', 16), ('covid19', 12), ('covid', 11), ('COVID', 11)]",2020-10-12
207,"[('COVID19', 97), ('coronavirus', 16), ('covid', 15), ('covid19', 8), ('Covid19UK', 7), ('Covid', 7), ('Covid19', 7), ('lockdown', 6), ('COVID', 6), ('CoronaVirus', 5)]",2020-10-13
208,"[('COVID19', 104), ('coronavirus', 24), ('COVID', 12), ('covid', 11), ('Covid', 11), ('COVIDIOTS', 10), ('covid19', 10), ('Covid19UK', 7), ('lockdown', 7), ('CovidUK', 6)]",2020-10-14
209,"[('COVID__19', 49), ('COVID19', 48), ('COVID', 20), ('Covid19', 20), ('covid19', 18), ('covid', 17), ('coronavirus', 15), ('lockdown', 10), ('CovidUK', 8), ('tier2', 7)]",2020-10-15
210,"[('COVID19', 59), ('coronavirus', 31), ('COVID__19', 23), ('Covid19', 23), ('CovidUK', 10), ('covid19', 10), ('covid', 8), ('Covid', 8), ('BorisTheLiar', 8), ('coronavirusuk', 4)]",2020-10-16
211,"[('COVID19', 69), ('coronavirus', 17), ('Covid', 11), ('CovidUK', 11), ('Covid19', 10), ('Strictly', 8), ('covid19', 5), ('COVID__19', 4), ('tier3', 4), ('COVIDIOTS', 4)]",2020-10-17
212,"[('COVID19', 64), ('coronavirus', 15), ('Coronavirus', 11), ('covid', 10), ('CovidUK', 10), ('covid19', 9), ('Covid19', 8), ('Covid', 7), ('Covid19UK', 7), ('COVIDIOTS', 6)]",2020-10-18
213,"[('COVID19', 96), ('coronavirus', 16), ('covid', 16), ('covid19', 9), ('Covid19UK', 8), ('lockdown', 8), ('COVID', 7), ('waleslockdown', 6), ('mentalhealthawareness', 6), ('COVIDIOTS', 5)]",2020-10-19
214,"[('COVID19', 71), ('coronavirus', 18), ('Covid19UK', 16), ('covid19', 14), ('Covid', 14), ('covid', 10), ('manchesterlockdown', 9), ('Covid19', 9), ('COVID', 7), ('BorisJohnson', 7)]",2020-10-20
215,"[('COVID19', 86), ('coronavirus', 14), ('covid', 12), ('COVID', 10), ('Covid19UK', 9), ('mentalhealthawareness', 8), ('Covid_19', 7), ('BlackHistoryMonth', 6), ('covid19', 6), ('Covid', 5)]",2020-10-21
216,"[('COVID19', 61), ('Covid_19', 22), ('COVID', 12), ('mentalhealthawareness', 10), ('Covid', 10), ('covid', 10), ('covid19', 8), ('Covid19', 7), ('FreeSchoolMeals', 6), ('NHS', 6)]",2020-10-22
217,"[('COVID19', 57), ('covid', 22), ('coronavirus', 12), ('Covid19UK', 9), ('Covid_19', 8), ('covid19', 8), ('Covid19', 7), ('CoronaVirus', 7), ('FreeSchoolMeals', 5), ('covid_19', 5)]",2020-10-23
218,"[('COVID19', 81), ('covid', 15), ('covid19', 13), ('COVID', 12), ('coronavirus', 11), ('Covid19UK', 8), ('ToryScum', 5), ('Covid19', 5), ('Covid', 3), ('WelshLockdown', 3)]",2020-10-24
219,"[('COVID19', 82), ('covid19', 13), ('Covid19', 11), ('covid', 11), ('coronavirus', 9), ('lockdown', 8), ('Covid', 7), ('COVID', 7), ('SundayThoughts', 4), ('TrumpSurrendered', 4)]",2020-10-25
220,"[('COVID19', 64), ('mentalhealthawareness', 22), ('covid', 14), ('coronavirus', 12), ('change', 11), ('resilence', 11), ('mbcounselling', 11), ('mbc', 11), ('COVID', 11), ('lyllylib', 11)]",2020-10-26
221,"[('COVID19', 81), ('mentalhealthawareness', 20), ('bekind', 11), ('Covid19', 11), ('mbcounselling', 10), ('resilence', 10), ('mbc', 10), ('lyllylib', 10), ('meditation', 10), ('shorehamcounsellors', 10)]",2020-10-27
222,"[('COVID19', 79), ('covid', 15), ('COVID', 11), ('covid19', 11), ('coronavirus', 11), ('Covid', 8), ('Covid19', 6), ('covid_19', 5), ('indyref2', 4), ('DissolveTheUnion', 4)]",2020-10-28
223,"[('COVID19', 88), ('mentalhealthawareness', 14), ('Covid', 11), ('coronavirus', 9), ('COVID', 9), ('Covid19', 8), ('mbcounselling', 7), ('coronavírus', 7), ('change', 7), ('resilence', 7)]",2020-10-29
224,"[('COVID19', 90), ('coronavirus', 14), ('Covid19UK', 11), ('covid', 10), ('lockdown', 9), ('COVID', 9), ('covid19', 8), ('Halloween', 7), ('Covid19', 6), ('Covid', 6)]",2020-10-30
225,"[('COVID19', 134), ('Lockdown2', 77), ('coronavirus', 60), ('covid', 42), ('BorisJohnson', 31), ('COVID', 27), ('covid19', 24), ('lockdown', 22), ('lockdownUK', 20), ('Covid', 20)]",2020-10-31
226,"[('COVID19', 72), ('coronavirus', 29), ('covid', 24), ('lockdown', 21), ('covid19', 16), ('Lockdown2', 15), ('Covid19UK', 11), ('lockdownUK', 11), ('COVIDIOTS', 9), ('SecondLockdown', 8)]",2020-11-01
227,"[('COVID19', 70), ('covid', 17), ('coronavirus', 16), ('SaveOurSports', 15), ('COVID', 14), ('OpenOurPools', 14), ('Covid', 11), ('lockdown', 8), ('covid_19', 8), ('COVIDIOTS', 7)]",2020-11-02
228,"[('COVID19', 74), ('COVID', 15), ('coronavirus', 15), ('covid19', 13), ('Covid19', 12), ('Covid19UK', 9), ('lockdown2uk', 9), ('MMT', 9), ('covid', 9), ('PayUsOurSP', 7)]",2020-11-03
229,"[('COVID19', 81), ('covid', 16), ('lockdown', 14), ('coronavirus', 12), ('COVID', 11), ('covid19', 11), ('Covid19UK', 10), ('covid_19', 8), ('Lockdown2', 7), ('lockdown2', 7)]",2020-11-04
230,"[('COVID19', 65), ('coronavirus', 19), ('lockdown', 17), ('covid', 15), ('Covid19', 14), ('covid19', 11), ('Lockdown2', 10), ('lockdown2', 8), ('COVID', 7), ('Covid19UK', 7)]",2020-11-05
231,"[('COVID19', 57), ('covid', 14), ('Covid19', 13), ('covid19', 11), ('lockdown', 9), ('lockdown2uk', 8), ('coronavirus', 8), ('covid_19', 8), ('LetsGetTested', 6), ('Lockdown2', 5)]",2020-11-06
232,"[('COVID19', 35), ('covid19', 13), ('coronavirus', 13), ('lockdown', 12), ('Covid19', 10), ('COVID', 8), ('lockdown2uk', 7), ('Lockdown2', 7), ('COVIDー19', 7), ('covid', 7)]",2020-11-07
233,"[('COVID19', 37), ('coronavirus', 10), ('covid', 8), ('Covid', 8), ('covid19', 8), ('Covid19', 6), ('WeWillRememberThem', 6), ('Lockdown2', 6), ('COVID', 6), ('Brexit', 6)]",2020-11-08
234,"[('COVID19', 135), ('vaccine', 23), ('ExcludedUK', 14), ('GapsInSupport', 13), ('CovidVaccine', 13), ('covid', 12), ('coronavirus', 12), ('covid19', 9), ('NHS', 8), ('Pfizer', 8)]",2020-11-09
235,"[('COVID19', 35), ('Covid_19', 30), ('coronavirus', 14), ('covid19', 12), ('covid', 11), ('Covid19', 10), ('vaccine', 10), ('Covid', 8), ('CovidVaccine', 7), ('covid_19', 6)]",2020-11-10
236,"[('COVID19', 43), ('Covid_19', 39), ('covid', 8), ('coronavirus', 8), ('COVID', 6), ('covid19', 6), ('ExcludedUK', 6), ('Covid', 6), ('CovidVaccine', 5), ('50sWomen', 5)]",2020-11-11
237,"[('COVID19', 71), ('Covid_19', 19), ('COVID', 12), ('coronavirus', 11), ('covid19', 11), ('covid', 8), ('Covid19', 7), ('Covid19UK', 5), ('Covid', 5), ('Scotland', 5)]",2020-11-12
238,"[('COVID19', 80), ('coronavirus', 16), ('covid19', 15), ('covid', 13), ('Covid19', 12), ('50sWomen', 9), ('FullRestituition', 9), ('BackTo60', 9), ('Over60sClinicallyVulnerable', 8), ('PayUsOurSP', 8)]",2020-11-13
239,"[('COVID19', 49), ('covid', 11), ('COVID', 8), ('Covid19', 7), ('coronavirus', 6), ('covid19', 5), ('Diwali', 4), ('vaccine', 3), ('Lockdown2', 3), ('Covid_19', 3)]",2020-11-14
240,"[('COVID19', 63), ('coronavirus', 35), ('learningdisability', 23), ('GMB', 20), ('covid19', 7), ('covid', 7), ('Covid', 7), ('vaccine', 5), ('Covid19', 3), ('goodmorningbritain', 3)]",2020-11-15
241,"[('COVID19', 102), ('covid19', 12), ('Covid19', 11), ('Covid_19', 11), ('covid', 10), ('lockdown', 8), ('coronavirus', 8), ('vaccine', 7), ('covid_19', 6), ('lockdown2', 6)]",2020-11-16
242,"[('COVID19', 57), ('Covid_19', 54), ('covid', 16), ('coronavirus', 16), ('Covid', 15), ('covid19', 14), ('Covid19', 9), ('lockdown', 7), ('LeadersHealth20', 6), ('COVID', 5)]",2020-11-17
243,"[('Covid_19', 58), ('COVID19', 46), ('Covid', 13), ('covid19', 10), ('coronavirus', 8), ('lockdown', 8), ('covid', 7), ('Lockdown2', 6), ('BackTo60', 5), ('COVID', 5)]",2020-11-18
244,"[('COVID19', 82), ('covid', 14), ('coronavirus', 14), ('Covid_19', 12), ('COVID', 11), ('lockdown', 10), ('covid19', 9), ('Covid19', 8), ('vaccine', 6), ('Covid', 5)]",2020-11-19
245,"[('COVID19', 63), ('coronavirus', 16), ('Covid', 15), ('covid', 14), ('covid19', 11), ('Covid19', 10), ('LeadersHealth20', 5), ('COVID', 5), ('vaccine', 4), ('Covid_19', 4)]",2020-11-20
246,"[('COVID19', 67), ('COVID', 10), ('lockdown', 8), ('StaySafe', 7), ('coronavirus', 6), ('Covid', 6), ('Covid19', 6), ('covid', 5), ('vaccine', 4), ('SocialDistancing', 4)]",2020-11-21
247,"[('COVID19', 48), ('COVID', 18), ('Covid19', 13), ('covid', 10), ('covid19', 10), ('IsolatedButTogether', 8), ('COVIDIOTS', 6), ('lockdown', 6), ('Christmas', 5), ('Coronavirus', 4)]",2020-11-22
248,"[('COVID19', 112), ('coronavirus', 20), ('Lockdown2', 12), ('COVID', 11), ('covid', 10), ('vaccine', 8), ('covid19', 8), ('coronavirusuk', 6), ('Covid19', 6), ('Covid', 5)]",2020-11-23
249,"[('COVID19', 82), ('vaccine', 12), ('COVID', 11), ('covid', 7), ('Covid', 7), ('Christmas2020', 7), ('coronavirus', 7), ('covid19', 5), ('lockdown', 5), ('patents', 4)]",2020-11-24
250,"[('COVID19', 70), ('Covid', 20), ('vaccine', 16), ('covid', 16), ('patents', 11), ('coronavirus', 10), ('covid19', 10), ('COVID', 10), ('SpendingReview', 8), ('Brexit', 7)]",2020-11-25
251,"[('COVID19', 52), ('covid', 20), ('coronavirus', 17), ('tiersystem', 12), ('COVID', 12), ('covid19', 10), ('tier3', 10), ('Covid19UK', 9), ('Covid', 7), ('Tier3', 6)]",2020-11-26
252,"[('COVID19', 56), ('coronavirus', 18), ('covid', 13), ('lockdown', 11), ('PLTPinkFriday', 9), ('covid_19', 8), ('covid19', 6), ('COVID', 6), ('Covid19UK', 5), ('lockdown2', 4)]",2020-11-27
253,"[('COVID19', 44), ('coronavirus', 13), ('COVID', 11), ('covid', 11), ('lockdown', 9), ('PLTPINKSATURDAY', 7), ('Covid19', 6), ('COVIDー19', 4), ('NHS', 4), ('vaccines', 4)]",2020-11-28
254,"[('COVID19', 46), ('covid', 12), ('Covid', 8), ('COVID', 7), ('Covid_19', 7), ('coronavirus', 6), ('COVIDIOTS', 6), ('covid_19', 6), ('Covid19', 6), ('PLTPINKSUNDAY', 5)]",2020-11-29
255,"[('PLTPINKMONDAY', 67), ('COVID19', 50), ('PLTPinkMonday', 42), ('PLTCyberMonday', 19), ('coronavirus', 12), ('MissguidedCyberMon', 11), ('covid', 11), ('covid19', 8), ('MissguidedCyberWrapParty', 8), ('COVID', 8)]",2020-11-30
256,"[('COVID19', 62), ('COVID', 14), ('Covid19', 14), ('lockdown', 14), ('coronavirus', 13), ('covid', 10), ('NUFC', 6), ('covid_19', 6), ('Covid', 5), ('Covid19UK', 5)]",2020-12-01
257,"[('COVID19', 70), ('vaccine', 25), ('Covid19', 21), ('CovidVaccine', 18), ('COVID', 17), ('coronavirus', 17), ('covid', 11), ('PMQs', 11), ('covid19', 11), ('Vaccine', 10)]",2020-12-02
258,"[('COVID19', 44), ('coronavirus', 12), ('covid', 12), ('Covid', 9), ('covid_19', 7), ('COVID', 7), ('COVIDー19', 6), ('CovidVaccine', 6), ('Covid19', 5), ('lockdown', 5)]",2020-12-03
259,"[('COVID19', 52), ('coronavirus', 14), ('vaccine', 11), ('covid', 11), ('COVID', 8), ('Covid19', 6), ('CovidVaccine', 6), ('Covid', 6), ('lockdown', 4), ('vaccination', 4)]",2020-12-04
260,"[('COVID19', 56), ('covid19', 9), ('coronavirus', 8), ('COVID', 7), ('Brexit', 6), ('mentalhealthawareness', 6), ('Covid', 5), ('CoronaVirus', 5), ('EU', 4), ('vaccine', 4)]",2020-12-05
261,"[('COVID19', 50), ('coronavirus', 12), ('COVID', 10), ('covid', 10), ('vaccine', 9), ('covid19', 8), ('8_द', 7), ('Brexit', 5), ('Covid', 5), ('lockdown', 5)]",2020-12-06
262,"[('COVID19', 63), ('covid', 14), ('coronavirus', 10), ('COVID', 9), ('Christmas', 7), ('NHS', 4), ('Covid', 4), ('Covid19', 4), ('vaccine', 4), ('Equality', 3)]",2020-12-07
263,"[('COVID19', 97), ('CovidVaccine', 25), ('vaccine', 16), ('COVID19Vaccine', 13), ('coronavirus', 9), ('Covid19', 8), ('covid19', 8), ('covid', 8), ('COVID', 7), ('NHS', 7)]",2020-12-08
264,"[('COVID19', 47), ('COVID', 9), ('covid', 9), ('Covid19', 8), ('covid19', 8), ('CovidVaccine', 7), ('Covid', 6), ('coronavirus', 6), ('vaccine', 5), ('Covid_19', 5)]",2020-12-09
265,"[('COVID19', 64), ('coronavirus', 9), ('COVID', 8), ('mentalhealthawareness', 6), ('Covid19', 5), ('covid', 5), ('covid19', 5), ('vaccine', 4), ('meditation', 3), ('resilence', 3)]",2020-12-10
266,"[('COVID19', 49), ('coronavirus', 11), ('COVID', 9), ('covid19', 9), ('mentalhealthawareness', 8), ('covid', 7), ('NHS', 6), ('CovidVaccine', 6), ('Brexit', 5), ('Christmas', 5)]",2020-12-11
267,"[('COVID19', 48), ('Covid19', 11), ('Brexit', 7), ('coronavirus', 6), ('Covid', 6), ('covid', 5), ('COVID', 5), ('covid19', 4), ('NUFC', 4), ('mentalhealthawareness', 4)]",2020-12-12
268,"[('COVID19', 37), ('VoteofNoConfidence', 11), ('Covid_19', 9), ('COVID', 9), ('covid', 6), ('Covid19', 6), ('Coronavirus', 5), ('covid19', 5), ('Christmas', 5), ('coronavirus', 5)]",2020-12-13
269,"[('Covid_19', 51), ('COVID19', 47), ('coronavirus', 15), ('Covid19', 14), ('tier3', 13), ('covid', 9), ('COVID', 9), ('Covid19UK', 8), ('covid_19', 8), ('Scexit', 8)]",2020-12-14
270,"[('COVID19', 57), ('Covid_19', 41), ('covid', 15), ('COVID', 10), ('Covid', 9), ('coronavirus', 8), ('Coronavirus', 8), ('rain', 6), ('Covid19', 6), ('covid_19', 6)]",2020-12-15
271,"[('COVID19', 97), ('coronavirus', 23), ('covid', 14), ('CovidChristmas', 9), ('Christmas', 9), ('covid19uk', 7), ('covid19', 7), ('wales', 6), ('lockdown', 6), ('NHS', 5)]",2020-12-16
272,"[('COVID19', 70), ('Covid_19', 19), ('coronavirus', 12), ('covid', 10), ('covid19', 8), ('Covid19', 8), ('COVID', 7), ('vaccine', 6), ('Tier3', 6), ('CovidChristmas', 5)]",2020-12-17
273,"[('COVID19', 58), ('Covid_19', 11), ('covid', 10), ('coronavirus', 9), ('Covid19', 8), ('covid19', 7), ('Cypruscoronavirus', 6), ('NHS', 6), ('Coronavirus', 6), ('Christmas', 6)]",2020-12-18
274,"[('Covid_19', 123), ('COVID19', 84), ('tier4', 43), ('christmasiscancelled', 32), ('covid', 26), ('coronavirus', 23), ('Covid19UK', 23), ('BorisHasFailedTheNation', 19), ('lockdown', 18), ('Covid', 17)]",2020-12-19
275,"[('Covid_19', 100), ('COVID19', 67), ('COVID', 20), ('Covid', 17), ('coronavirus', 15), ('covid', 15), ('covid19', 14), ('Scotland', 14), ('lockdown', 12), ('xmasiscancelled', 12)]",2020-12-20
276,"[('COVID19', 105), ('Covid_19', 38), ('coronavirus', 25), ('covid', 19), ('Brexit', 19), ('Covid19UK', 16), ('COVID', 15), ('Covid19', 14), ('covid19', 14), ('Covid', 13)]",2020-12-21
277,"[('COVID19', 92), ('coronavirus', 11), ('Covid19UK', 10), ('covid', 9), ('Brexit', 8), ('vaccination', 7), ('covid19', 6), ('BrexitDisaster', 6), ('Covid19', 6), ('Covid', 6)]",2020-12-22
278,"[('COVID19', 87), ('covid', 19), ('Covid19', 14), ('Covid19UK', 14), ('Covid', 12), ('tier4', 11), ('coronavirus', 10), ('covid19', 10), ('COVID', 6), ('NHS', 6)]",2020-12-23
279,"[('COVID19', 83), ('Christmas', 17), ('MerryChristmas', 11), ('covid', 8), ('Christmas2020', 8), ('ChristmasEve', 7), ('Covid19', 6), ('coronavirus', 6), ('Brexit', 5), ('Covid', 5)]",2020-12-24
280,"[('COVID19', 36), ('Christmas2020', 13), ('Christmas', 10), ('coronavirus', 8), ('Covid', 8), ('MerryChristmas', 5), ('MerryChristmas2020', 4), ('CovidChristmas', 4), ('Covid19', 4), ('covid19', 4)]",2020-12-25
281,"[('COVID19', 40), ('Covid', 10), ('covid', 7), ('covid19', 7), ('coronavirus', 6), ('Covid19', 4), ('Christmas', 4), ('BoxingDay', 4), ('tier4', 4), ('NHS', 3)]",2020-12-26
282,"[('COVID19', 40), ('COVIDー19', 12), ('covid', 11), ('Covid', 8), ('coronavirus', 6), ('Covid19', 5), ('covid19', 4), ('lockdown', 4), ('vaccine', 4), ('tier4', 3)]",2020-12-27
283,"[('COVID19', 57), ('coronavirus', 12), ('COVIDー19', 9), ('Covid', 5), ('vaccine', 5), ('EVEMCI', 5), ('BackTo60', 4), ('FullRestitution', 4), ('PayUsOurSP', 4), ('CEDAW', 4)]",2020-12-28
284,"[('COVID19', 111), ('Covid', 16), ('covid19', 15), ('lockdown', 15), ('coronavirus', 13), ('covid', 11), ('NHS', 9), ('Covid19', 8), ('Covid19UK', 7), ('nhs', 6)]",2020-12-29
285,"[('COVID19', 159), ('coronavirus', 31), ('covid', 23), ('Covid19UK', 21), ('Covid', 20), ('tier4', 19), ('lockdownuk', 19), ('Covid19', 15), ('lockdown', 13), ('schoolsreopeninguk', 13)]",2020-12-30
286,"[('COVID19', 81), ('Covid', 24), ('NewYearsEve', 19), ('GoodBye2020', 17), ('coronavirus', 16), ('Covid19', 16), ('HappyNewYear2021', 13), ('covid', 13), ('Covid19UK', 11), ('covid_19', 8)]",2020-12-31
287,"[('COVID19', 64), ('coronavirus', 12), ('HappyNewYear2021', 11), ('covid', 8), ('Covid19', 7), ('Covid', 7), ('Covid19UK', 7), ('COVID', 4), ('vaccine', 4), ('NewYearWithPLT', 4)]",2021-01-01
288,"[('COVID19', 90), ('Covid', 20), ('covid19', 14), ('Casualty', 13), ('coronavirus', 12), ('covid', 12), ('Covid19', 10), ('vaccination', 9), ('Covid19UK', 8), ('HandsFaceSpace', 6)]",2021-01-02
289,"[('COVID19', 133), ('covid', 26), ('Covid', 26), ('covid19', 18), ('schoolclosures', 15), ('Covid19', 14), ('coronavirus', 14), ('Covid19UK', 12), ('lockdown', 11), ('nationallockdown', 10)]",2021-01-03
290,"[('COVID19', 251), ('lockdown', 92), ('nationallockdown', 67), ('Covid19UK', 46), ('covid19', 44), ('covid', 31), ('level5', 27), ('coronavirus', 26), ('Lockdown3', 26), ('CovidUK', 23)]",2021-01-04
291,"[('COVID19', 166), ('lockdown', 48), ('Covid19UK', 44), ('covid19', 31), ('CovidUK', 22), ('coronavirus', 20), ('Lockdown3', 20), ('covid', 20), ('Covid19', 12), ('covid_19', 11)]",2021-01-05
292,"[('COVID19', 132), ('Covid19UK', 35), ('covid19', 28), ('StayHome', 25), ('SaveLives', 22), ('CovidUK', 21), ('NHSCovidHeroes', 18), ('covid', 17), ('lockdown', 15), ('Covid', 15)]",2021-01-06
293,"[('COVID19', 77), ('covid19', 23), ('Covid19UK', 19), ('StayHome', 15), ('covid', 13), ('SaveLives', 13), ('CovidUK', 13), ('coronavirus', 11), ('clapforheroes', 8), ('Covid_19', 8)]",2021-01-07
294,"[('COVID19', 108), ('Covid19', 34), ('StayHome', 23), ('covid', 20), ('Covid19UK', 17), ('coronavirus', 16), ('COVID', 15), ('lockdown', 14), ('covid19', 13), ('vaccine', 8)]",2021-01-08
295,"[('COVID19', 73), ('covid19', 22), ('StayHome', 21), ('COVID', 17), ('Covid19UK', 17), ('CovidUK', 16), ('SaveLives', 14), ('covid', 13), ('Covid', 10), ('Covid19', 8)]",2021-01-09
296,"[('COVID19', 100), ('covid', 19), ('Covid19UK', 18), ('StayHome', 16), ('covid19', 14), ('COVID', 11), ('SaveLives', 10), ('CovidUK', 10), ('Covid19', 9), ('COVIDVaccination', 8)]",2021-01-10
297,"[('COVID19', 129), ('covid', 21), ('COVIDVaccination', 17), ('Covid19UK', 14), ('StayHome', 13), ('covid19', 11), ('NHS', 11), ('Covid', 10), ('coronavirus', 10), ('COVID', 9)]",2021-01-11
298,"[('COVID19', 103), ('Covid19UK', 18), ('StayHome', 15), ('COVIDVaccination', 13), ('covid19', 13), ('coronavirus', 11), ('Covid', 10), ('SaveLives', 9), ('CovidUK', 9), ('COVID', 8)]",2021-01-12
299,"[('COVID19', 75), ('COVID', 42), ('Covid19', 17), ('covid19', 14), ('coronavirus', 13), ('StayHome', 13), ('covid', 10), ('lockdown', 9), ('CovidUK', 8), ('Covid19UK', 7)]",2021-01-13
300,"[('COVID19', 61), ('covid', 19), ('CovidUK', 14), ('coronavirus', 14), ('Covid', 11), ('covid19', 9), ('COVIDー19', 8), ('lockdown', 8), ('Covid19', 7), ('lockdownuk', 7)]",2021-01-14
301,"[('COVID19', 87), ('CovidUK', 14), ('covid', 12), ('Covid', 11), ('lockdown', 8), ('covid19', 8), ('coronavirus', 8), ('NHS', 7), ('StayHome', 7), ('CovidVaccine', 7)]",2021-01-15
302,"[('COVID19', 71), ('coronavirus', 13), ('COVID', 13), ('CovidUK', 11), ('NHS', 10), ('covid19', 9), ('Covid19UK', 8), ('vaccinationCovid', 7), ('covid', 7), ('CovidVaccine', 6)]",2021-01-16
303,"[('COVID19', 71), ('covid', 18), ('coronavirus', 11), ('covid19', 10), ('lockdown', 9), ('StayHome', 7), ('Covid19', 7), ('vaccine', 7), ('CovidUK', 6), ('NHS', 6)]",2021-01-17
304,"[('COVID19', 116), ('covid19', 20), ('coronavirus', 15), ('covid', 14), ('vaccine', 13), ('Covid19UK', 10), ('StayHome', 10), ('CovidUK', 9), ('lockdown', 9), ('SaveLives', 7)]",2021-01-18
305,"[('COVID19', 102), ('covid', 15), ('COVID', 10), ('StayHome', 9), ('Covid19UK', 8), ('Covid19', 8), ('Covid', 8), ('CovidVaccine', 7), ('outbreakcovid', 6), ('SaveLives', 6)]",2021-01-19
306,"[('COVID19', 83), ('Covid', 18), ('CovidUK', 16), ('covid', 14), ('covid19', 14), ('Covid19UK', 13), ('vaccine', 10), ('StayHome', 8), ('coronavirus', 7), ('Covid19', 7)]",2021-01-20
307,"[('COVID19', 96), ('coronavirus', 17), ('covid19', 14), ('CovidUK', 14), ('Covid19UK', 13), ('covid', 13), ('vaccine', 11), ('StayHome', 9), ('SaveLives', 9), ('Covid', 8)]",2021-01-21
308,"[('COVID19', 100), ('covid', 17), ('coronavirus', 12), ('NHS', 11), ('Covid19UK', 11), ('vaccine', 9), ('COVID', 6), ('Covid', 6), ('StaySafe', 6), ('covid_19', 5)]",2021-01-22
309,"[('COVID19', 62), ('covid19', 16), ('Covid19UK', 14), ('covid', 14), ('COVID', 13), ('vaccine', 11), ('StayHome', 9), ('Covid', 9), ('NHS', 8), ('SaveLives', 8)]",2021-01-23
310,"[('Covid_19', 52), ('COVID19', 30), ('covid', 20), ('Covid19UK', 16), ('covid19', 14), ('Covid', 10), ('Covid19', 10), ('StayHome', 9), ('SaveLives', 9), ('CovidUK', 9)]",2021-01-24
311,"[('Covid_19', 49), ('COVID19', 45), ('covid', 14), ('covid19', 11), ('vaccine', 8), ('Covid19UK', 8), ('COVID', 8), ('WeAreScotland', 7), ('lockdown', 6), ('NHS', 5)]",2021-01-25
312,"[('COVID19', 60), ('Covid_19', 53), ('covid', 15), ('Covid19UK', 14), ('covid19', 12), ('Covid19', 12), ('COVID', 11), ('lockdown', 9), ('BorisHasFailedTheNation', 8), ('Covid', 8)]",2021-01-26
313,"[('COVID19', 121), ('Covid19', 15), ('Covid_19', 14), ('coronavirus', 13), ('covid', 12), ('BorisHasFailedTheNation', 11), ('lockdown', 10), ('Johnson', 9), ('COVID', 8), ('vaccine', 7)]",2021-01-27
314,"[('COVID19', 80), ('covid', 21), ('vaccine', 12), ('COVID', 11), ('Covid19UK', 10), ('covid19', 10), ('coronavirus', 9), ('Covid', 8), ('lockdown', 7), ('CovidVaccine', 7)]",2021-01-28
315,"[('COVID19', 69), ('covid', 12), ('covid19', 11), ('coronavirus', 11), ('vaccine', 10), ('Covid19UK', 10), ('Covid', 9), ('StayHome', 9), ('lockdown', 8), ('CovidVaccine', 7)]",2021-01-29
316,"[('COVID19', 88), ('ExcludedUK', 23), ('covid', 16), ('Covid19', 12), ('COVID', 10), ('Covid19UK', 10), ('covid19', 10), ('StayHome', 9), ('Covid', 8), ('vaccine', 7)]",2021-01-30
317,"[('COVID19', 74), ('covid', 9), ('COVID', 9), ('Covid19', 8), ('NHS', 8), ('covid19', 8), ('StayHome', 6), ('vaccine', 6), ('coronavirus', 6), ('lockdown', 5)]",2021-01-31
318,"[('COVID19', 86), ('covid19', 15), ('covid', 13), ('Covid19', 12), ('Covid19UK', 12), ('CovidVaccine', 11), ('coronavirus', 11), ('ExcludedUK', 11), ('CovidUK', 9), ('Covid', 8)]",2021-02-01
319,"[('COVID19', 101), ('CaptainTom', 21), ('NHS', 18), ('CaptainTomMoore', 15), ('coronavirus', 15), ('covid', 14), ('covid19', 13), ('Covid', 11), ('Covid19UK', 11), ('vaccine', 8)]",2021-02-02
320,"[('COVID19', 86), ('Covid', 14), ('covid', 13), ('coronavirus', 12), ('COVID', 8), ('covid19', 8), ('CovidVaccine', 7), ('nhs', 5), ('CaptainSirTomMoore', 4), ('StayHome', 4)]",2021-02-03
321,"[('COVID19', 61), ('COVID', 14), ('NHS', 10), ('lockdown', 8), ('coronavirus', 6), ('vaccine', 6), ('covid19', 5), ('Covid', 5), ('pandemic', 5), ('Covid19', 5)]",2021-02-04
322,"[('COVID19', 75), ('COVID', 14), ('coronavirus', 11), ('covid', 11), ('lockdown', 9), ('covid19', 8), ('Covid19UK', 7), ('vaccine', 7), ('Covid19', 6), ('StayHome', 5)]",2021-02-05
323,"[('COVID19', 53), ('covid19', 12), ('Covid19', 11), ('StayHome', 9), ('NHS', 9), ('CovidVaccine', 9), ('CovidUK', 9), ('coronavirus', 8), ('SaveLives', 7), ('Covid19UK', 7)]",2021-02-06
324,"[('COVID19', 45), ('covid19', 20), ('Covid19UK', 17), ('SuperBowl', 13), ('CovidUK', 13), ('StayHome', 12), ('SaveLives', 11), ('NHSCovidHeroes', 11), ('coronavirus', 11), ('Covid', 11)]",2021-02-07
325,"[('COVID19', 36), ('covid', 14), ('covid19', 11), ('NHS', 9), ('Covid19UK', 9), ('CovidUK', 8), ('StayHome', 6), ('vaccine', 6), ('coronavirus', 6), ('SaveLives', 6)]",2021-02-08
326,"[('COVID19', 67), ('covid19', 14), ('Covid', 9), ('Covid19UK', 9), ('vaccine', 8), ('Covid19', 7), ('covid', 7), ('COVID', 6), ('coronavirus', 6), ('ExcludedUK', 5)]",2021-02-09
327,"[('COVID19', 72), ('COVID', 10), ('covid19', 10), ('covid', 7), ('NHS', 7), ('Covid', 6), ('StayHome', 5), ('lockdown', 5), ('Covid19UK', 5), ('nhs', 5)]",2021-02-10
328,"[('COVID19', 51), ('covid19', 14), ('covid', 10), ('excludedUK', 8), ('StayHome', 7), ('coronavirus', 7), ('lockdown', 7), ('Covid19UK', 7), ('SaveLives', 6), ('Covid', 6)]",2021-02-11
329,"[('COVID19', 54), ('Covid', 9), ('Covid19UK', 9), ('covid19', 8), ('coronavirus', 8), ('Covid19', 6), ('StayHome', 6), ('SaveLives', 6), ('covid', 6), ('G7', 5)]",2021-02-12
330,"[('COVID19', 38), ('covid19', 13), ('covid', 13), ('COVID', 10), ('Covid19', 9), ('StayHome', 8), ('Covid19UK', 7), ('NHS', 7), ('SaveLives', 7), ('coronavirus', 6)]",2021-02-13
331,"[('COVID19', 42), ('covid', 9), ('covid19', 6), ('Covid19UK', 5), ('ValentinesDay', 5), ('COVID', 5), ('lockdown', 4), ('winter', 4), ('vaccination', 4), ('beatcovidne', 4)]",2021-02-14
332,"[('COVID19', 55), ('Covid19UK', 15), ('covid19', 14), ('StayHome', 14), ('SaveLives', 9), ('CovidUK', 8), ('NHSCovidHeroes', 8), ('coronavirus', 6), ('lockdown', 6), ('vaccine', 6)]",2021-02-15
333,"[('COVID19', 55), ('covid', 10), ('COVIDVaccination', 8), ('covid_19', 7), ('Covid', 7), ('lockdown', 7), ('coronavirus', 6), ('vaccine', 6), ('COVID', 5), ('NHS', 5)]",2021-02-16
334,"[('COVID19', 59), ('covid19', 12), ('covid', 8), ('vaccination', 6), ('Covid', 6), ('lockdown', 5), ('Covid19UK', 5), ('StayHome', 5), ('StaySafe', 5), ('SaveLives', 4)]",2021-02-17
335,"[('COVID19', 61), ('covid', 9), ('covid19', 8), ('Covid19', 7), ('COVIDVaccine', 6), ('NHS', 5), ('vaccine', 5), ('StaySafe', 4), ('nhs', 3), ('coronavirus', 3)]",2021-02-18
336,"[('COVID19', 40), ('lockdown', 11), ('covid', 9), ('Covid', 8), ('coronavirus', 7), ('COVID', 7), ('Covid19', 5), ('covid19', 5), ('covid_19', 4), ('StaySafe', 4)]",2021-02-19
337,"[('COVID19', 17), ('COVID', 15), ('covid_19', 8), ('covid19', 6), ('vaccine', 5), ('covid', 5), ('Covid', 5), ('coronavirus', 5), ('COVIDVaccine', 5), ('Vaccine4All', 4)]",2021-02-20
338,"[('COVID19', 51), ('COVID', 11), ('vaccine', 8), ('covid', 7), ('Covid', 6), ('lockdown', 5), ('covid19', 4), ('coronavirus', 4), ('ExcludedUK', 4), ('Lockdown', 3)]",2021-02-21
339,"[('COVID19', 74), ('lockdown', 18), ('Covid19', 14), ('covid', 14), ('covid19', 9), ('COVID', 8), ('coronavirus', 7), ('Spring2021', 7), ('Covid_19', 6), ('BorisJohnson', 6)]",2021-02-22
340,"[('COVID19', 51), ('covid', 17), ('lockdown', 9), ('covid19', 8), ('COVID', 8), ('lockdownroadmap', 7), ('Lockdown', 6), ('Covid19UK', 6), ('Covid', 6), ('coronavirus', 5)]",2021-02-23
341,"[('COVID19', 47), ('covid', 9), ('covid19', 9), ('Covid', 9), ('COVID', 6), ('COVID19Vaccine', 5), ('mentalhealth', 4), ('asthmaticsatrisk', 4), ('lockdown', 3), ('wellbeing', 3)]",2021-02-24
342,"[('COVID19', 57), ('covid', 18), ('covid19', 14), ('COVID19Vaccine', 10), ('bbcqt', 7), ('vaccine', 7), ('lockdown', 7), ('Covid19', 5), ('coronavirus', 4), ('HeyMP', 4)]",2021-02-25
343,"[('COVID19', 49), ('COVID19Vaccine', 11), ('vaccine', 8), ('lockdown', 5), ('covid', 5), ('COVID', 3), ('StayHome', 3), ('covid_19', 3), ('Covid19UK', 3), ('nhs', 2)]",2021-02-26
344,"[('COVID19', 33), ('covid', 8), ('lockdown', 8), ('COVID', 7), ('covid19', 6), ('vaccine', 6), ('Covid19', 5), ('Covid', 5), ('Covid19UK', 4), ('coronavirus', 4)]",2021-02-27
345,"[('COVID19', 54), ('covid', 15), ('covid19vaccineproof', 11), ('coronaviruspassport', 11), ('covid19passport', 11), ('coronavirusvaccine', 11), ('covid19vaccine', 11), ('bluepassport', 11), ('vaccineproof', 11), ('coronavirusvaccineproof', 11)]",2021-02-28
346,"[('COVID19', 46), ('COVID19Vaccine', 9), ('covid', 8), ('BrazilVariant', 7), ('Covid', 6), ('COVID', 5), ('vaccine', 5), ('covid19', 4), ('coronavirus', 4), ('COVIDVaccination', 4)]",2021-03-01
347,"[('COVID19', 51), ('Covid19', 7), ('COVID', 7), ('vaccine', 6), ('covid', 6), ('lockdown', 6), ('COVID19Vaccine', 5), ('Covid_19', 5), ('COVID19Vaccination', 5), ('covid19', 4)]",2021-03-02
348,"[('COVID19', 42), ('coronavirus', 11), ('COVID', 9), ('covid', 8), ('Budget2021', 7), ('Budget', 6), ('COVID19Vaccine', 6), ('covid19', 6), ('NHS', 5), ('AstraZeneca', 4)]",2021-03-03
349,"[('COVID19', 42), ('COVID', 15), ('covid19', 8), ('lockdown', 7), ('coronavirus', 6), ('covid', 6), ('covid_19', 5), ('Covid', 5), ('Covid_19', 4), ('WorldObesityDay', 4)]",2021-03-04
350,"[('COVID19', 48), ('Covid19', 11), ('NHS', 10), ('vaccine', 10), ('COVID', 8), ('covid', 7), ('nhs', 5), ('Johnson', 5), ('Covid', 4), ('CoronaVirus', 4)]",2021-03-05
351,"[('COVID19', 49), ('covid', 7), ('vaccination', 6), ('covid19', 6), ('COVIDVaccination', 5), ('Covid19UK', 4), ('vaccine', 4), ('NHS', 4), ('Covid', 4), ('CovidVaccine', 3)]",2021-03-06
352,"[('COVID19', 40), ('covid', 9), ('coronavirus', 8), ('NHS', 7), ('covid_19', 7), ('Capitalism', 5), ('SHUTSchools', 4), ('vaccination', 4), ('COVIDVaccination', 3), ('Covid', 3)]",2021-03-07
353,"[('COVID19', 34), ('IWD2021', 16), ('InternationalWomensDay', 12), ('covid', 11), ('coronavirus', 5), ('Covid19', 5), ('MeghanAndHarry', 4), ('internationalwomensday2021', 4), ('MeghanMarkle', 4), ('schoolsreopeninguk', 4)]",2021-03-08
354,"[('COVID19', 27), ('covid', 12), ('COVID', 11), ('FluJabEqualsCovidJab', 10), ('Covid', 9), ('lockdown', 7), ('covid_19', 5), ('Covid19', 5), ('NHS', 5), ('CovidVaccine', 5)]",2021-03-09
355,"[('COVID19', 61), ('covid', 9), ('Covid', 7), ('COVID', 7), ('NHS', 7), ('coronavirus', 7), ('covid19', 5), ('mentalhealth', 4), ('borisjohnson', 4), ('lockdown', 4)]",2021-03-10
356,"[('COVID19', 49), ('covid', 8), ('lockdown', 8), ('CovidVaccine', 4), ('exercise', 4), ('morning', 3), ('JoinCTAP', 3), ('AstraZeneca', 3), ('COVID', 3), ('nhs', 3)]",2021-03-11
357,"[('COVID19', 62), ('Covid', 8), ('lockdown', 7), ('Capitalism', 7), ('covid19', 6), ('covid', 6), ('coronavirus', 4), ('StaySafe', 4), ('CovidVaccine', 4), ('vaccine', 4)]",2021-03-12
358,"[('COVID19', 29), ('covid', 10), ('Covid', 8), ('covid19', 8), ('coronavirus', 7), ('Covid_19', 5), ('lockdown2021', 4), ('events', 4), ('lockdown', 4), ('SarahEverard', 4)]",2021-03-13
359,"[('COVID19', 37), ('Covid_19', 11), ('MothersDay2021', 6), ('COVID', 6), ('Covid19', 6), ('NHS', 5), ('covid', 4), ('ReclaimTheStreets', 4), ('CovidVaccine', 4), ('Covid', 3)]",2021-03-14
360,"[('COVID19', 28), ('Covid_19', 27), ('covid19', 10), ('AstraZeneca', 9), ('lockdown', 6), ('Covid19', 6), ('coronavirus', 4), ('Covid', 4), ('SarahEverardvigil', 3), ('COVIDVaccination', 3)]",2021-03-15
361,"[('COVID19', 38), ('Covid_19', 28), ('Covid', 10), ('vaccine', 9), ('Covid19', 6), ('covid19', 6), ('AstraZeneca', 6), ('coronavirus', 6), ('COVID', 5), ('Lockdown', 4)]",2021-03-16
362,"[('COVID19', 58), ('covid', 11), ('covid19', 10), ('vaccine', 7), ('CovidVaccine', 6), ('Covid_19', 6), ('coronavirus', 6), ('AstraZenaca', 4), ('Pfizer', 4), ('lockdown', 4)]",2021-03-17
363,"[('COVID19', 63), ('CovidVaccine', 16), ('vaccine', 13), ('coronavirus', 11), ('Covid', 10), ('COVID', 8), ('covid', 7), ('vaccineshortage', 7), ('AstraZeneca', 6), ('Covid19', 6)]",2021-03-18
364,"[('COVID19', 48), ('covid', 8), ('NHS', 6), ('COVID', 5), ('CovidVaccine', 5), ('lockdown', 4), ('covid19', 4), ('Covid19', 4), ('fridaymorning', 3), ('NHSCovidVaccine', 3)]",2021-03-19
365,"[('COVID19', 57), ('Covid19UK', 12), ('vaccine', 11), ('covid', 10), ('covid19', 8), ('Capitalism', 7), ('lockdown2021', 7), ('lockdown', 6), ('charlatan', 6), ('snakeoilpeddler', 6)]",2021-03-20
366,"[('COVID19', 52), ('covid19', 22), ('covid', 20), ('coronavirus', 19), ('Covid', 18), ('Covid19', 11), ('lockdown', 11), ('COVID19Vaccine', 9), ('NHS', 8), ('COVID', 7)]",2021-03-21
367,"[('COVID19', 141), ('coronavirus', 30), ('Covid', 30), ('Covid19', 29), ('covid19', 24), ('covid', 22), ('lockdown', 19), ('COVID', 14), ('NHS', 13), ('COVIDー19', 10)]",2021-03-22
368,"[('COVID19', 140), ('DayOfReflection', 84), ('nationaldayofreflection', 43), ('covid19', 39), ('covid', 38), ('FindingDerek', 38), ('Covid19', 36), ('OneYearOn', 28), ('COVIDー19', 22), ('coronavirus', 21)]",2021-03-23
369,"[('COVID19', 147), ('coronavirus', 30), ('covid', 28), ('covid19', 21), ('Covid', 19), ('Covid19', 18), ('COVID', 15), ('lockdown', 15), ('ProtectEveryone', 11), ('NHS', 11)]",2021-03-24
370,"[('COVID19', 141), ('COVID', 34), ('covid19', 33), ('coronavirus', 31), ('covid', 25), ('Covid', 16), ('Covid19', 14), ('NHS', 13), ('bbcqt', 13), ('CovidVaccine', 10)]",2021-03-25
